ID#,SERIES,NAME,YEAR,MON,DAY,SITE,LAT,LONG,HOB,TYPE,PUR,YIELD,VENT,DEVIC
1,1949,1 Pervaya Molniya (Joe,1949,AUG,29,STS-GZ,50.44,77.82,30,AS-T,WR,22,,IP
2,1950, X,1950,,,STS,50,78,,AS-T,,0,,ND
3,1951,2 Vtoraya Molniya (Joe,1951,SEP,24,STS,50,78,30,AS-T,WR,38.3,,IP
4,1951,3 (Joe 3) ,1951,OCT,18,STS,50,78,380,A-AD,WR,42,,IC
5,1953,4 (Joe 4) ,1953,AUG,12,STS,50,78,30,AS-T,WR,400,,
6,1953,5 (Joe 5) ,1953,AUG,23,STS,50,78,600,A-AD,WR,28,,IC?
7,1953,6 (Joe 6?) ,1953,SEP,3,STS,50,78,255,A,WR,5.8,,
8,1953,7 ,1953,SEP,8,STS,50,78,220,A,WR,1.6,,
9,1953,8 (Joe 7?) ,1953,SEP,10,STS,50,78,220,A,WR,4.9,,
10,1954,9 (Joe 8?) ,1954,SEP,14,-RU-O,52.6,52.84,350,A-AD,ME,40,,IC
11,1954,10 ,1954,SEP,29,STS,50,78,210,A,WR,0.2,,
12,1954,11 ,1954,OCT,1,STS,50,78,105,A,WR,0.03,,
13,1954,12 (Joe 9?) ,1954,OCT,3,STS,50,78,130,A,WR,2,,
14,1954,13 (Joe 10?) ,1954,OCT,5,STS,50,78,0,AS,WR,4,,
15,1954,14 (Joe 11?) ,1954,OCT,8,STS,50,78,295,A,WR,0.8,,
16,1954,15 ,1954,OCT,19,STS,50,78,15,AS-T,WR,0.001,,FZ
17,1954,16 (Joe 12?) ,1954,OCT,23,STS,50,78,410,A,WR,62,,IC
18,1954,17 (Joe 13?) ,1954,OCT,26,STS,50,78,110,A,WR,2.8,,
19,1954,18 (Joe 14?) ,1954,OCT,30,STS,50,78,55,AS-AD,WR,10,,
20,1955, X,1955,FEB,20,,,,,A-R,,0,,FZ
21,1955,19 (Joe 15) ,1955,JUL,29,STS,50,78,2.5,AS,WR,1.3,,IP
22,1955,20 (Joe 16) ,1955,AUG,2,STS,50,78,2.5,AS,WR,12,,IP
23,1955,21 ,1955,AUG,5,STS,50,78,1.5,AS,WR,1.2,,IP
24,1955,22 (Joe 17) ,1955,SEP,21,NZ-CB,70.7,54.56,-10,-90 MX  UW-B,WE,3.5,,IP
25,1955, X,1955,SEP,21,STS,50,78,,AS,,0,,
26,1955,23 (Joe 18) ,1955,NOV,6,STS,50,78,0,A,WR,250,,SL
27,1955,24 (Joe 19) ,1955,NOV,22,STS,50,78,550,A-AD,WR,1600,,TN
28,1956,25 ,1956,FEB,2,MTR,46,62,,AS-R,WE,0.3,,
29,1956,26 ,1956,MAR,16,STS,50,78,0.4,AS,WR,14,,
30,1956,27 ,1956,MAR,25,STS,50,78,1,AS,WR,5.5,,
31,1956,28 ,1956,AUG,24,STS,50,78,93,AS-T,WR,27,,
32,1956,29 ,1956,AUG,30,STS,50,78,100,A,WR,900,,TN
33,1956,30 ,1956,SEP,2,STS,50,78,50,A,WR,51,,
34,1956,31 ,1956,SEP,10,STS,50,78,270,A,WR,38,,
35,1956,32 ,1956,NOV,17,STS,50,78,0,A,WR,900,,TN
36,1956,33 ,1956,DEC,14,STS,50,78,965,A,WR,40,,
37,1957,34 ,1957,JAN,19,MTR,49,46,370,A-R,WE,10,,
38,1957,35 ,1957,MAR,8,STS,50,78,610,A,WR,19,,
39,1957,36 ,1957,APR,3,STS,50,78,100,A,WR,42,,
40,1957,37 ,1957,APR,6,STS,50,78,145,A,WR,57,,
41,1957,38 ,1957,APR,10,STS,50,78,0,A,WR,680,,TN
42,1957,39 ,1957,APR,12,STS,50,78,145,A,WR,22,,
43,1957,40 ,1957,APR,16,STS,50,78,0,A,WR,320,,TN
44,1957,41 ,1957,AUG,22,STS,50,78,880,A,WR,520,,TN
45,1957,42 ,1957,AUG,26,STS,50,78,410,A,SE,0.1,,
46,1957,43 ,1957,SEP,7,NZ-CB,70.69,54.8,15,AS-T,FS,32,,
47,1957,44 ,1957,SEP,13,STS,50,78,780,A,WR,5.9,,
48,1957,45 ,1957,SEP,24,NZ-MB,73,55,0,A-AD,WR,1600,,TN
49,1957,46 ,1957,SEP,26,STS,50,78,0,A,WR,13,,
50,1957,47 ,1957,OCT,6,NZ-MB,73,55,120,A,WR,2900,,TN
51,1957,48 ,1957,OCT,10,NZ-CB,70.7,54.56,-30,-60 MX  UW-AS,WE,6,,
52,1957,49 ,1957,DEC,28,STS,50,78,615,A,WR,12,,
53,1958,50 ,1958,JAN,4,STS,50,78,400,A,WR,1.3,,
54,1958,51 ,1958,JAN,17,STS,50,78,500,A,WR,0.5,,
55,1958,52 ,1958,FEB,23,NZ,73,55,500,A,WR,860,,TN
56,1958,53 ,1958,FEB,27,NZ,73,55,500,A,WR,250,,TN
57,1958,54 ,1958,FEB,27,NZ,73,55,,A,WR,1500,,TN
58,1958,55 ,1958,MAR,13,STS,50,78,475,A,WR,1.2,,
59,1958, X,1958,MAR,13,STS,50,78,,A,,0,,
60,1958,56 ,1958,MAR,14,STS,50,78,30,A,WR,35,,
61,1958,57 ,1958,MAR,14,NZ,73,55,,A,FS,40,,
62,1958,58 ,1958,MAR,15,STS,50,78,965,A,WR,14,,
63,1958, X,1958,MAR,15,STS,50,78,,A,,0,,
64,1958,59 ,1958,MAR,18,STS,50,78,290,A,FS,0.16,,
65,1958,60 ,1958,MAR,20,STS,50,78,15,A,WR,12,,
66,1958,61 ,1958,MAR,21,NZ,73,55,500,A,WR,650,,TN
67,1958,62 ,1958,MAR,22,STS,50,78,415,A,WR,18,,
68,1958,63 ,1958,SEP,30,NZ,73,55,500,A,WR,1200,,TN
69,1958,64 ,1958,SEP,30,NZ,73,55,500,A,WR,900,,TN
70,1958,65 ,1958,OCT,2,NZ,73,55,400,A,WR,290,,TN
71,1958,66 ,1958,OCT,2,NZ,73,55,,A,FS,40,,
72,1958,67 ,1958,OCT,4,NZ,73,55,800,A,WR,9,,
73,1958,68 ,1958,OCT,5,NZ,73,55,200,A,WR,15,,
74,1958,69 ,1958,OCT,6,NZ,73,55,200,A,WR,5.5,,
75,1958,70 ,1958,OCT,10,NZ,73,55,,A,WR,68,,TN
76,1958,71 ,1958,OCT,12,NZ-MB,74.93,53.32,,A,WR,1450,,TN
77,1958,72 ,1958,OCT,15,NZ-MB,74,51.8,150,A,WR,1500,,TN
78,1958,73 ,1958,OCT,18,NZ-MB,73.97,52.47,,A,WR,2900,,TN
79,1958,74 ,1958,OCT,19,NZ,73,55,,A,FS,40,,
80,1958,75 ,1958,OCT,19,NZ,73,55,900,A,WR,0.001,,
81,1958,76 ,1958,OCT,20,NZ,73,55,,A,WR,440,,TN
82,1958,77 ,1958,OCT,21,NZ,73,55,270,A,WR,2,,
83,1958,78 ,1958,OCT,22,NZ-MB,73.53,53.1,70,A,WR,2800,,TN
84,1958,79 ,1958,OCT,24,NZ-MB,73.68,54.97,525,A,WR,1000,,TN
85,1958,80 ,1958,OCT,25,NZ,73,55,500,A,WR,190,,TN
86,1958,81 ,1958,OCT,25,NZ,73,55,300,A,FS,0.05,,
87,1958,82 ,1958,NOV,1,MTR,49,46,0,A-R,WE,10,,
88,1958,83 ,1958,NOV,3,MTR,49,46,0,A-R,WE,10,,
89,1961,84 ,1961,SEP,1,STS,50,78,660,A,WR,16,,
90,1961,85 ,1961,SEP,4,STS-GZ,50.45,77.74,725,A,WR,9,,
91,1961,86 ,1961,SEP,5,STS-GZ,50.45,77.74,500,A,WR,16,,
92,1961,87 ,1961,SEP,6,STS,50,78,685,A,WR,1.1,,
93,1961,88 ,1961,SEP,6,MTR,48.45,44.3,700,A,WE,10.5,,
94,1961,89 ,1961,SEP,9,STS,50,78,0,AS,SE,0.38,,
95,1961,90 ,1961,SEP,10,NZ-MB,74.2,52.5,0,A-AD,WR,2700,,TN
96,1961,91 ,1961,SEP,10,NZ-CB,70.7,54.6,390,A-R,WR,12,,
97,1961,92 ,1961,SEP,10,STS,50,78,180,A,WR,0.88,,
98,1961,93 ,1961,SEP,11,STS,50,78,,A,WR,0.3,,
99,1961,94 ,1961,SEP,12,NZ-MB?,74.2,52.1,190,A-R,WR,1150,,TN
100,1961,95 ,1961,SEP,13,NZ-CB?,70.87,53.33,250,12:00 AM,WR,6,,
101,1961,96 ,1961,SEP,13,STS-GZ,50.45,77.75,710,A,WR,10,,
102,1961,97 ,1961,SEP,14,STS-GZ,50.35,77.82,0.5,AS,WR,0.4,,
103,1961,98 ,1961,SEP,14,NZ-MB,74.6,51.1,700,A-R,WR,1200,,TN
104,1961,99 ,1961,SEP,16,NZ-MB,74,51.9,,A-R,WR,830,,TN
105,1961,100 ,1961,SEP,17,STS-GZ,50.45,77.75,695,A,WR,21,,
106,1961,101 ,1961,SEP,18,NZ-MB?,74,52,500,A,WR,1000,,TN
107,1961,102 ,1961,SEP,18,STS,50,78,1,AS,SE,0.004,,
108,1961,103 ,1961,SEP,18,STS,50,78,,A,WR,0.75,,
109,1961,104 ,1961,SEP,19,STS,50,78,0,AS,SE,0.03,,
110,1961,105 ,1961,SEP,20,STS,50,78,280,A,WR,4.8,,
111,1961,106 ,1961,SEP,20,NZ-MB?,73.52,54.3,600,A,WR,1500,,TN
112,1961,107 ,1961,SEP,21,STS-GZ,50.33,77.7,110,A,WR,0.8,,
113,1961,108 ,1961,SEP,22,NZ-MB?,73.52,54.3,300,A,WR,260,,
114,1961,109 ,1961,SEP,26,STS-GZ,50.45,77.75,665,A,WR,1.2,,
115,1961,110 ,1961,OCT,1,STS,50,78,700,A,WR,3,,
116,1961,111 ,1961,OCT,2,NZ-MB?,73.92,54.55,500,A,WR,250,,
117,1961,112 ,1961,OCT,4,STS-GZ,50.44,77.76,605,A,WR,13,,
118,1961,113 ,1961,OCT,4,NZ-MB,73.7,53.8,100,A,WR,3000,,TN
119,1961,114 ,1961,OCT,6,NZ-MB,74.3,51.6,700,A,WR,4000,,TN
120,1961,115 ,1961,OCT,6,MTR,48.45,44.3,300,AH-R,WE,40,,
121,1961,116 ,1961,OCT,8,NZ-CB,70.7,54.6,450,A-CM,WR,15,,
122,1961,117 ,1961,OCT,11,STS-D,49.77389,77.98861,,724 A   UG-T,FS,1,,
123,1961,118 ,1961,OCT,12,STS-GZ,50.45,77.75,670,A,WR,15,,
124,1961,119 ,1961,OCT,17,STS-GZ,50.45,77.75,505,A,WR,6.6,,
125,1961,120 ,1961,OCT,19,STS-GZ,50.45,77.75,710,A,WR,10,,
126,1961,121 Raduga ,1961,OCT,20,NZ-MB,73.8,53.2,,A-R,WR,1450,,TN
127,1961,122 Korall ,1961,OCT,23,NZ-CB,70.7,54.56,-20,-47     UW-AS,WE,4.8,,
128,1961,123 ,1961,OCT,23,NZ-MB,73.9,53.8,500,A-AD,WR,12500,,TN
129,1961,124 ,1961,OCT,25,NZ-MB?,73.52,54.3,450,A,WR,300,,
130,1961,125 ,1961,OCT,25,STS,50,78,,A,FS,0.5,,
131,1961,126 Korall ,1961,OCT,27,NZ-CB,70.7,54.67,1.1,-59     AW-AS,WE,16,,
132,K Project,127 K2 ,1961,OCT,27,MTR,49,46,0,AX-R,WE,1.2,,
133,K Project,128 K1 ,1961,OCT,27,MTR,49,46,0,AX-R,WE,1.2,,
134,1961,129 ,1961,OCT,30,STS,50,78,470,A,WR,0.09,,
135,1961,130 Tsar Bomba ,1961,OCT,30,NZ-MB,73.8,53.5,500,A-AD,WR,58000,,TN-03
136,1961,131 ,1961,OCT,31,NZ-MB,73.6,56.2,200,A,WR,5000,,TN
137,1961,132 ,1961,OCT,31,NZ-MB,73,55,530,A,WR,400,,
138,1961,133 ,1961,NOV,1,STS,50,78,475,A,WR,2.7,,
139,1961,134 ,1961,NOV,2,NZ-MB,73,55,400,A,WR,120,,
140,1961,135 ,1961,NOV,2,NZ-MB,73,55,500,A,WR,280,,
141,1961,136 ,1961,NOV,2,STS,50,78,645,A,WR,0.6,,
142,1961,137 ,1961,NOV,3,STS,50,78,0,AS,SE,0.001,,
143,1961,138 ,1961,NOV,3,STS,50,78,635,A,WR,0.9,,
144,1961,139 ,1961,NOV,4,NZ,73,55,770,A,WR,15,,
145,1961,140 ,1961,NOV,4,NZ-MB?,73.7,55.7,750,A,WR,1500,,TN?
146,1961,141 ,1961,NOV,4,NZ,73,55,240,A,WR,6,,
147,1961,142 ,1961,NOV,4,STS,50,78,0,AS,WR,0.2,,
148,1962,143 Argon-1 ,1962,FEB,2,STS-D,49.785,77.99694,,700 A   UG-T,WE,15,,
149,1962,144 ,1962,AUG,1,STS,50,78,430,A,WR,2.4,,
150,1962,145 ,1962,AUG,3,STS,50,78,180,A,WR,1.6,,
151,1962,146 ,1962,AUG,4,STS,50,78,390,A,WR,3.8,,
152,1962,147 ,1962,AUG,5,NZ-MB?,74.2,52.5,600,A-AD,WR,21100,,TN
153,1962,148 ,1962,AUG,7,STS,50,78,0,AS,WR,9.9,,
154,1962,149 ,1962,AUG,10,NZ,73,55,560,A,WR,400,,
155,1962,150 ,1962,AUG,18,STS,50,78,710,A,WR,7.4,,
156,1962,151 ,1962,AUG,18,STS,50,78,310,A,WR,5.8,,
157,1962,152 ,1962,AUG,20,NZ-MB?,74.3,51.5,500,A,WR,2800,,TN
158,1962,153 ,1962,AUG,21,STS,50,78,590,A,WR,23,,
159,1962,154 ,1962,AUG,22,NZ-MB,74,53.3,700,A,WR,1600,,TN
160,1962,155 ,1962,AUG,22,NZ,73,55,60,0 MX  AW-CM,WR,6,,
161,1962,156 ,1962,AUG,22,STS,50,78,740,A,WR,3,,
162,1962,157 ,1962,AUG,23,STS,50,78,680,A,WR,2.5,,
163,1962,159 ,1962,AUG,25,STS,50,78,715,A,WR,1,,
164,1962,158 ,1962,AUG,25,NZ,73,55,980,A,WR,10000,,TN
165,1962,160 ,1962,AUG,27,NZ-MB?,74.7,50.3,0,A,WR,4200,,TN
166,1962,161 ,1962,AUG,27,STS,50,78,245,A,WR,11,,
167,1962,162 ,1962,AUG,31,STS,50,78,700,A,FS,2.7,,
168,1962,163 ,1962,SEP,2,NZ,73,55,300,A,WR,80,,
169,1962, X,1962,SEP,6,STS,50,78,,A,,0,,
170,1962,164 ,1962,SEP,8,NZ-MB?,73.7,53.8,725,A,WR,1900,,TN
171,1962,165 ,1962,SEP,15,NZ-MB?,74.4,51.5,,A,WR,3100,,TN
172,1962,166 ,1962,SEP,16,NZ-MB?,74.2,51.6,,A,WR,3250,,TN
173,1962,167 ,1962,SEP,18,NZ-MB?,73.2,54.7,0,A,WR,1350,,TN
174,1962, X,1962,SEP,18,STS,50,78,,A,,10,,
175,1962,168 ,1962,SEP,19,NZ-MB?,73.8,53.8,280,A,WR,10000,,TN
176,1962,169 ,1962,SEP,21,NZ,73,55,0,A,WR,2400,,TN
177,1962,170 ,1962,SEP,22,STS,50,78,0,AS,SE,0.21,,
178,1962,171 ,1962,SEP,24,STS,50,78,630,A,WR,1.2,,
179,1962,172 ,1962,SEP,25,STS,50,78,0,AS,WR,7,,
180,1962,173 ,1962,SEP,25,NZ-MB?,73.7,55,90,A,WR,19100,,TN
181,1962,174 ,1962,SEP,27,NZ-MB,74.3,52.4,900,A,WR,20000,,TN
182,1962,175 ,1962,SEP,28,STS,50,78,695,A,FS,1.3,,
183,1962,176 ,1962,OCT,7,NZ,73,55,440,A,WR,320,,
184,1962,177 ,1962,OCT,9,STS,50,78,645,A,WR,8,,
185,1962,178 ,1962,OCT,9,NZ,73,55,0,A,WR,15,,
186,1962,179 ,1962,OCT,10,STS,50,78,665,A,WR,9.2,,
187,1962,180 ,1962,OCT,13,STS,50,78,720,A,WR,4.9,,
188,1962,181 ,1962,OCT,14,STS,50,78,725,A,WR,10,,
189,1962,182 ,1962,OCT,20,STS,50,78,635,A,WR,6.7,,
190,K Project,184 K3 ,1962,OCT,22,MTR,49,46,0,AX-R,WE,300,,
191,1962,183 ,1962,OCT,22,NZ-MB?,73.4,54.9,230,A,WR,8200,,TN
192,1962,185 ,1962,OCT,27,NZ,73,55,550,A,WR,260,,
193,1962,186 ,1962,OCT,28,STS,50,78,670,A,WR,7.8,,
194,K Project,187 K4 ,1962,OCT,28,MTR,49,46,0,AX-R,WE,300,,
195,1962,188 ,1962,OCT,28,STS,50,78,645,A,WR,7.8,,
196,1962,189 ,1962,OCT,29,NZ,73,55,550,A,WR,360,,
197,1962,190 ,1962,OCT,30,STS,50,78,0,AS,WR,1.2,,
198,1962,191 ,1962,OCT,30,NZ,73,55,500,A,WR,280,,
199,1962,192 ,1962,OCT,31,STS,50,78,690,A,WR,10,,
200,1962,194 ,1962,NOV,1,NZ,73,55,500,A,WR,240,,
201,K Project,195 K5 ,1962,NOV,1,MTR,49,46,0,AH-R,WE,300,,
202,1962,193 ,1962,NOV,1,STS,50,78,700,A,WR,3,,
203,1962,196 ,1962,NOV,3,NZ,73,55,500,A,WR,390,,
204,1962,197 ,1962,NOV,3,NZ,73,55,0,A,WR,45,,
205,1962,198 ,1962,NOV,3,STS,50,78,710,A,WR,4.7,,
206,1962,199 ,1962,NOV,4,STS,50,78,600,A,WR,8.4,,
207,1962,200 ,1962,NOV,5,STS,50,78,15,AS-T,WE,0.4,,
208,1962,201 ,1962,NOV,11,STS,50,78,8,AS-T,WR,0.1,,
209,1962,202 ,1962,NOV,13,STS,50,78,0,AS,WR,0.001,,
210,1962,203 ,1962,NOV,14,STS,50,78,660,A,WR,12,,
211,1962,204 ,1962,NOV,17,STS,50,78,715,A,WR,18,,
212,1962,205 ,1962,NOV,24,STS,50,78,0,AS,SE,0.001,,
213,1962,206 ,1962,NOV,26,STS,50,78,0,AS,SE,0.031,,
214,1962,207 ,1962,DEC,1,STS,50,78,680,A,WR,2.4,,
215,1962,208 ,1962,DEC,18,NZ,73,55,600,A,WR,110,,
216,1962,209 ,1962,DEC,18,NZ,73,55,500,A,FS,69,,
217,1962,210 ,1962,DEC,20,NZ,73,55,70,A,WR,8.3,,
218,1962,211 ,1962,DEC,22,NZ,73,55,50,A,WR,6.3,,
219,1962,212 ,1962,DEC,23,NZ,73,55,460,A,WR,430,,
220,1962,213 ,1962,DEC,23,NZ,73,55,470,A,WR,8.3,,
221,1962,214 ,1962,DEC,23,NZ,73,55,270,A,WR,2.4,,
222,1962,215 ,1962,DEC,23,STS,50,78,0,AS,SE,0.001,,
223,1962,216 ,1962,DEC,24,STS,50,78,0,AS,SE,0.007,,
224,1962,217 ,1962,DEC,24,STS,50,78,0,AS,SE,0.028,,
225,1962,218 ,1962,DEC,24,NZ-MB?,74.2,52.3,320,A,WR,1100,,TN
226,1962,219 ,1962,DEC,24,NZ-MB?,73.6,57.5,750,A,WR,24200,,TN
227,1962,220 ,1962,DEC,25,NZ-MB?,73.4,56.5,250,A,WR,3100,,TN
228,1962,221 ,1962,DEC,25,NZ,73,55,990,A,WR,8.5,,
229,1964,222 ,1964,MAR,15,STS-D,49.82083,78.09861,,UG-T,WE,37,,
230,1964,223 ,1964,MAY,16,STS-D,49.81778,78.09389,-260,UG-T,WR,23.7,,
231,1964,224 ,1964,JUN,6,STS-D,49.77472,77.98806,,UG-T,FS,1.6,,
232,1964,225 ,1964,JUL,19,STS-D,49.815,78.09306,,UG-T,FS,26,,
233,1964,226 ,1964,AUG,18,STS-D,49.82056,78.08194,,UG-T,WR,0.07,V,
234,1964,227 ,1964,SEP,18,NZ-NS,73.667,54.533,-130,UG-T,FS,2,3.8 kCi              ,
235,1964,228 ,1964,SEP,30,STS-D,49.82083,78.09861,,UG-T,FS,,V,
236,1964,229 ,1964,OCT,25,NZ-NS,73.387,54.985,-400,UG-T,PR,20,1 MCi                ,
237,1964,230 ,1964,NOV,16,STS-D,49.81389,78.13361,,UG-T,PR,47,,
238,1965,231 Chagan,1965,JAN,15,STS-B,49.935,79.00936,-178,UG-S,I-EM,140,,
239,1965,232 ,1965,FEB,4,STS-D,49.77306,77.99139,-262,UG-T,FS,44,,
240,1965,233 ,1965,MAR,3,STS-D,49.82972,78.0575,,UG-T,WR,27,,
241,1965,234 ,1965,MAR,27,STS-D,49.77472,77.98806,,UG-T,WR,0.06,,
242,1965,235 Butan-1,1965,MAR,30,-RU-BK,52.9,56.5,-1340,UG-S,I-OS,2.3,,
243,1965,235 Butan-2,1965,MAR,30,-RU-BK,52.9,56.5,-1375,UG-S,I-OS,2.3,,
244,1965,236 ,1965,MAY,11,STS-D,49.77306,77.99139,,UG-T,WR,14,,
245,1965,237 Butan,1965,JUN,10,-RU-BK,52.9,56.5,-1350,UG-S,I-OS,7.6,,
246,1965,238 ,1965,JUN,17,STS-D,49.83056,78.05778,,UG-T,PR,24,,
247,1965,239 ,1965,JUL,29,STS-D,49.785,77.99694,,UG-T,FS,1.1,,
248,1965,240 ,1965,SEP,17,STS-D,49.81722,78.1425,,UG-T,WR,15,,
249,1965,241 ,1965,OCT,8,STS-D,49.83056,78.10139,,UG-T,WR,29,,
250,1965,242 Sary-Uzen,1965,OCT,14,STS-SU,49.99064,77.63572,-48,UG-S,I-EM,1.1,,
251,1965,243 ,1965,NOV,21,STS-D,49.82833,78.05972,,UG-T,WR,29,,
252,1965,244 ,1965,DEC,24,STS-D,49.81167,78.1075,,UG-T,PR,6.7,,
253,1966,245 ,1966,FEB,13,STS-D,49.81417,78.13083,-320,UG-T,PR,125,,
254,1966,246 ,1966,MAR,20,STS-D,49.75167,78.00833,-310,UG-T,WR,100,,
255,1966,247 ,1966,APR,21,STS-D,49.81778,78.09389,,UG-T,PR,22,,
256,1966,248 Galit,1966,APR,22,-KZ-BA,47.829,47.935,-165,UG-S,I-CV,1.1,V,
257,1966,249 ,1966,MAY,7,STS-D,49.73611,78.10722,,UG-T,PR,4,,
258,1966,250 ,1966,JUN,29,STS-D,49.83917,78.07083,,UG-T,PR,42,,
259,1966,251 ,1966,JUL,21,STS-D,49.73556,78.10472,,UG-T,WR,24,,
260,1966,252 ,1966,AUG,5,STS-D,49.75889,78.04861,,UG-T,WR,32,,
261,1966,253 ,1966,AUG,19,STS-D,49.83056,78.10139,,UG-T,PR,10,,
262,1966,254 ,1966,SEP,7,STS-D,49.83056,78.05778,,UG-T,FS,4.6,,
263,1966,255 Urta-Bulak,1966,SEP,30,-UZ,38.968,64.517,-1532,UG-S,I-FE,30,,
264,1966,256 ,1966,OCT,19,STS-D,49.74194,78.02556,,UG-T,WR,55,,
265,1966,258 ,1966,OCT,27,NZ-NS,73.387,54.836,-700,UG-T,WR,>     700,10 Mci,
266,1966,257 ,1966,OCT,27,NZ-NS,73.4,54.8,,UG-T,WR,700,,
267,1966,259 ,1966,OCT,29,STS-D,49.78472,77.99944,,UG-T,WR,,,
268,1966,260 ,1966,NOV,19,STS-D,49.82972,78.0575,,UG-T,WR,,,
269,1966,261 ,1966,DEC,3,STS-D,49.74028,78.03083,,UG-T,WR,4.6,,
270,1966,261 ,1966,DEC,3,STS-D,49.74028,78.03083,,UG-T,PR,,,
271,1966,262 ,1966,DEC,18,STS-SU,49.92458,77.74722,,UG-S,PR,100,V,
272,1967,263 ,1967,JAN,30,STS-D,49.77306,77.99,,UG-T,WR,4.6,,
273,1967,263 ,1967,JAN,30,STS-D,49.77306,77.99,,UG-T,WR,,,
274,1967,264 ,1967,FEB,26,STS-D,49.73944,78.08639,,UG-T,FS,130,,
275,1967,265 ,1967,MAR,25,STS-D,49.75333,78.05361,,UG-T,WR,18,,
276,1967,265 ,1967,MAR,25,STS-D,49.75333,78.05361,,UG-T,WE,,,
277,1967,266 ,1967,APR,20,STS-D,49.73611,78.10722,,UG-T,PR,37,,
278,1967,267 ,1967,MAY,28,STS-D,49.75167,78.00833,,UG-T,PR,28,V,
279,1967,267 ,1967,MAY,28,STS-D,49.75167,78.00833,,UG-T,PR,,V,
280,1967,268 ,1967,JUN,29,STS-D,49.82222,78.04333,,UG-T,WR,20,,
281,1967,269 ,1967,JUL,15,STS-D,49.84417,78.11556,,UG-T,PR,23,,
282,1967,270 ,1967,AUG,4,STS-D,49.75444,78.05028,,UG-T,WR,19,,
283,1967,270 ,1967,AUG,4,STS-D,49.75444,78.05028,,UG-T,WR,,,
284,1967,271 ,1967,SEP,2,STS-D,49.74194,78.02556,,UG-T,WR,0.7,,
285,1967,272 ,1967,SEP,16,STS-SU,49.93719,77.72811,,UG-S,WR,16,,
286,1967,273 ,1967,SEP,22,STS-SU,49.95964,77.69106,,UG-S,WR,10,,
287,1967,274 Tavda,1967,OCT,6,-RU-T,57.7,65.2,-170,UG-S,I-CV,0.3,,
288,1967,275 ,1967,OCT,17,STS-D,49.78444,77.99778,,UG-T,PR,45,,
289,1967,275 ,1967,OCT,17,STS-D,49.78444,77.99778,,UG-T,PR,,,
290,1967,276 ,1967,OCT,21,NZ-NS,73.39,54.81,-600,UG-T,WR,*     260,10,
291,1967,276 ,1967,OCT,21,NZ-NS,73.4,54.8,-500,UG-T,WR,,,
292,1967,277 ,1967,OCT,30,STS-D,49.79722,77.99944,,UG-T,WR,25,,
293,1967,278 ,1967,NOV,22,STS-SU,49.94194,77.68683,,UG-S,WR,1.6,,
294,1967,279 ,1967,DEC,8,STS-D,49.81833,78.17083,,UG-T,WR,19,,
295,1968,280 ,1968,JAN,7,STS-D,49.75389,78.04694,,UG-T,PR,7.5,V,
296,1968,281 ,1968,APR,24,STS-D,49.84167,78.10722,,UG-T,WR,6.2,,
297,1968,282 Pamuk,1968,MAY,21,-UZ,38.918,65.032,-2440,UG-S,I-FE,47,,
298,1968,283 ,1968,MAY,23,STS-D,49.83333,78.09278,,UG-T,WR,0.001,,
299,1968,284 ,1968,JUN,11,STS-D,49.79861,78.15,,UG-T,WR,15,,
300,1968,285 ,1968,JUN,19,STS-B,49.98025,78.9855,,UG-S,FS,18,,
301,1968,286 Galit,1968,JUL,1,-KZ-BA,47.909,47.912,-590,UG-S,I-CV,27,,
302,1968,287 ,1968,JUL,12,STS-D,49.75556,78.09917,-172,UG-T,WR,24,,
303,1968,287 ,1968,JUL,12,STS-D,49.75556,78.09917,,UG-T,WR,,,
304,1968,288 ,1968,AUG,20,STS-D,49.82056,78.08111,,UG-T,WR,4.6,,
305,1968,288 ,1968,AUG,20,STS-D,49.82056,78.08111,,UG-T,SE,0.001,,
306,1968,289 ,1968,SEP,5,STS-D,49.73806,78.08083,,UG-T,WE,32,,
307,1968,290 Argon,1968,SEP,29,STS-D,49.80417,78.10556,,UG-T,WE,60,,
308,1968,291 Telkem-1,1968,OCT,21,STS-T,49.72786,78.48628,-31.4,UG-S,I-EM,0.24,,
309,1968,292 ,1968,OCT,29,STS-D,49.83333,78.09278,,UG-T,WR,,,
310,1968,293 ,1968,NOV,7,NZ-NS,73.387,54.858,-1000,UG-T,WR,*   0.001,10 kCi               ,
311,1968,293 ,1968,NOV,7,NZ-NS,73.387,54.858,,UG-T,WR,165,,
312,1968,293 ,1968,NOV,7,NZ-NS,73.387,54.858,,UG-T,WR,165,,
313,1968,294 ,1968,NOV,9,STS-D,49.79972,78.14444,,UG-T,PR,4,,
314,1968,295 Telkem-2,1968,NOV,12,STS-T,49.712,78.461,-31.4,UG-S,I-EM,0.24,,
315,1968,295 Telkem-2,1968,NOV,12,STS-T,49.7,78.5,,UG-S,I-EM,0.24,,
316,1968,295 Telkem-2,1968,NOV,12,STS-T,49.7,78.5,,UG-S,I-EM,0.24,,
317,1968,296 ,1968,DEC,18,STS-D,49.74083,78.08778,-194,UG-T,PR,8.9,,
318,1969,297 ,1969,MAR,7,STS-D,49.82833,78.05972,,UG-T,WR,49,,
319,1969,298 ,1969,APR,4,STS-D,49.75333,78.05361,,UG-T,WR,,,
320,1969,299 ,1969,APR,13,STS-D,49.73556,78.10472,,UG-T,PR,,,
321,1969,300 ,1969,MAY,16,STS-D,49.76778,78.08167,,UG-T,WR,16,,
322,1969,301 ,1969,MAY,31,STS-SU,49.95031,77.69422,,UG-S,WR,18,,
323,1969,302 ,1969,JUL,4,STS-D,49.75417,78.10917,,UG-T,PR,15,,
324,1969,302 ,1969,JUL,4,STS-D,49.75417,78.10917,,UG-T,WR,,,
325,1969,303 ,1969,JUL,23,STS-D,49.81972,78.13722,,UG-T,WR,16,,
326,1969,304 Grifon-1,1969,SEP,2,-RU-P,57.22,55.393,-1210,UG-S,I-OS,7.6,,
327,1969,305 Grifon-2,1969,SEP,8,-RU-P,57.22,55.417,-1210,UG-S,I-OS,7.6,,
328,1969,306 ,1969,SEP,11,STS-D,49.77778,77.98639,,UG-T,PR,6.2,,
329,1969,306 ,1969,SEP,11,STS-D,49.77778,77.98639,,UG-T,PR,,,
330,1969,307 ,1969,SEP,26,-RU,45.848,42.6,-725,UG-S,I-OS,10,,
331,1969,308 ,1969,OCT,1,STS-D,49.78639,78.10806,,UG-T,WR,16,,
332,1969,308 ,1969,OCT,1,STS-D,49.78639,78.10806,,UG-T,WR,,,
333,1969,309 ,1969,OCT,14,NZ-NS,73.39,54.787,-500,UG-T,WR,*     540,,
334,1969,309 ,1969,OCT,14,NZ-NS,73.39,54.787,,UG-T,WR,,,
335,1969,309 ,1969,OCT,14,NZ-NS,73.4,54.8,-520,UG-T,WR,,>1 kCi               ,
336,1969,310 ,1969,OCT,30,STS-D,49.84417,78.11556,,UG-T,SE,,,
337,1969,311 ,1969,NOV,27,STS-D,49.83667,78.05972,,UG-T,PR,,,
338,1969,312 ,1969,NOV,30,STS-B,49.92428,78.95575,,UG-S,WR,125,,
339,1969,313 Say-Utes-1,1969,DEC,6,-KZ-MA,43.867,54.8,-410,UG-S,I-EM,30,,
340,1969,314 ,1969,DEC,28,STS-SU,49.93733,77.71422,,UG-S,WR,40,,
341,1969,315 ,1969,DEC,29,STS-D,49.73222,78.10444,,UG-T,PR,10,,
342,1970,316 ,1970,JAN,29,STS-D,49.79222,78.11306,,UG-T,WE,42,,
343,1970,316 ,1970,JAN,29,STS-D,49.79222,78.11306,,UG-T,WE,,,
344,1970,316 ,1970,JAN,29,STS-D,49.79222,78.11306,,UG-T,WE,,,
345,1970,317 ,1970,FEB,18,STS-D,49.73083,78.1025,,UG-T,SE,0.001,,
346,1970,318 ,1970,MAR,27,STS-D,49.74444,78.00333,,UG-T,PR,6.5,,
347,1970,319 ,1970,MAY,27,STS-D,49.73139,78.10111,,UG-T,WR,0.9,,
348,1970,320 Magistral,1970,JUN,25,-RU-O,52.2,55.7,-700,UG-S,I-CV,2.3,,
349,1970,321 ,1970,JUN,28,STS-D,49.79333,78.11306,-332,UG-T,WR,88,,
350,1970,322 ,1970,JUN,28,STS-D,49.78222,78.05333,,UG-T,PR,,,
351,1970,322 ,1970,JUN,28,STS-D,49.78222,78.05333,,UG-T,WR,,,
352,1970,323 ,1970,JUL,21,STS-SU,49.95242,77.67289,,UG-S,WR,23,,
353,1970,324 ,1970,JUL,24,STS-D,49.81361,78.13222,,UG-T,WR,20,,
354,1970,325 ,1970,SEP,6,STS-D,49.78889,77.9975,,UG-T,WR,,,
355,1970,326 ,1970,SEP,6,STS-D,49.7525,78.00528,,UG-T,PR,34,,
356,1970,327 ,1970,OCT,14,NZ-NS,73.304,55.027,-1200,UG-T,WR,*    2200,2 Mci,TN?       
357,1970,327 ,1970,OCT,14,NZ-NS,73.304,55.027,,UG-T,WR,,,
358,1970,327 ,1970,OCT,14,NZ-NS,73.304,55.027,,UG-T,WR,,,
359,1970,328 ,1970,NOV,4,STS-SU,49.98922,77.76244,,UG-S,PR,27,,
360,1970,329 Say-Utes-2,1970,DEC,12,-KZ-MA,43.85,54.8,-740,UG-S,I,80,,
361,1970,330 ,1970,DEC,17,STS-D,49.75194,78.10167,,UG-T,WR,26,,
362,1970,331 Say-Utes-3,1970,DEC,23,-KZ-MA,44.025,54.933,-500,UG-S,I,75,,
363,1971,332 ,1971,JAN,29,STS-D,49.80528,78.16861,,UG-T,WE,1.8,,
364,1971,333 ,1971,MAR,22,STS-D,49.79333,78.11306,,UG-T,PR,67,,
365,1971,334 ,1971,MAR,22,STS-D,49.77444,78.08278,,UG-T,WR,,,
366,1971,335 Taiga,1971,MAR,23,-RU-P,61.4,56.2,-128,UG-S,I-EM,15,,
367,1971,335 Taiga,1971,MAR,23,-RU-P,61.4,56.2,-128,UG-S,I,15,,
368,1971,335 Taiga,1971,MAR,23,-RU-P,61.4,56.2,-128,UG-S,I,15,,
369,1971,336 ,1971,APR,9,STS-D,49.83222,78.03861,,UG-T,I,0.23,,
370,1971,337 ,1971,APR,25,STS-D,49.78028,78.03667,,UG-T,WR,90,,
371,1971,338 ,1971,MAY,25,STS-D,49.80417,78.145,,UG-T,WR,9,,
372,1971,339 ,1971,JUN,6,STS-SU,49.97542,77.66028,,UG-S,WR,16,,
373,1971,340 ,1971,JUN,19,STS-SU,49.96903,77.64081,,UG-S,WR,35,,
374,1971,341 ,1971,JUN,30,STS-B,49.946,78.98047,,UG-S,WR,5,,
375,1971,342 Globus-4,1971,JUL,2,-RU,67.283,63.467,-540,UG-S,I-SS,2.3,,
376,1971,343 Globus-3,1971,JUL,10,-RU,64.167,55.267,-470,UG-S,I-SS,2.3,,
377,1971,344 Globus-1,1971,SEP,19,-RU,57.508,42.643,-610,UG-S,I-SS,2.3,V,
378,1971,345 ,1971,SEP,27,NZ-NS,73.393,54.92,-1200,UG-T,WR,*    2450,15 Ci,TN 
379,1971,345 ,1971,SEP,27,NZ-NS,73.393,54.92,,UG-T,WR,,,
380,1971,345 ,1971,SEP,27,NZ-NS,73.393,54.92,,UG-T,WR,,,
381,1971,345 ,1971,SEP,27,NZ-NS,73.393,54.92,,UG-T,WR,,,
382,1971,346 Globus-2,1971,OCT,4,-RU-A,61.358,48.092,-595,UG-S,I-SS,2.3,,
383,1971,347 ,1971,OCT,9,STS-SU,49.97789,77.64144,,UG-S,WR,12,V,
384,1971,348 ,1971,OCT,21,STS-SU,49.97381,77.59733,,UG-S,WR,23,,
385,1971,349 Sapfir-1,1971,OCT,22,-RU-O,51.6,54.45,-1140,UG-S,I-CV,15,,
386,1971,350 ,1971,NOV,29,STS-D,49.73778,78.08139,,UG-T,WR,28,,
387,1971,350 ,1971,NOV,29,STS-D,49.73778,78.08139,,UG-T,WR,,,
388,1971,351 ,1971,DEC,15,STS-D,49.83056,77.99333,-115,UG-T,WE,6,,
389,1971,352 Galit,1971,DEC,22,-KZ-BA,47.897,48.133,-987,UG-S,I,64,,
390,1971,353 ,1971,DEC,30,STS-D,49.74917,78.00611,,UG-T,WR,50,,
391,1971,354 ,1971,DEC,30,STS-D,49.755,78.0475,,UG-T,WR,,,
392,1972,355 ,1972,FEB,10,STS-B,50.02428,78.87808,,UG-S,WR,16,V,
393,1972,356 ,1972,MAR,10,STS-D,49.75194,78.11806,,UG-T,WR,28,,
394,1972,356 ,1972,MAR,10,STS-D,49.75194,78.11806,,UG-T,WR,,,
395,1972,357 ,1972,MAR,28,STS-D,49.73417,78.0825,,UG-T,WR,6,,
396,1972,357 ,1972,MAR,28,STS-D,49.73417,78.0825,,UG-T,PR,,,
397,1972,357 ,1972,MAR,28,STS-D,49.73417,78.0825,,UG-T,SE,0.001,,
398,1972,358 Crater,1972,APR,11,-TU,37.35,62.05,-1720,UG-S,I-FE,15,,
399,1972,359 ,1972,APR,20,STS-D,49.84167,78.10722,,UG-T,SE,0.001,,
400,1972,360 ,1972,JUN,7,STS-D,49.83167,78.10944,,UG-T,WR,,,
401,1972,361 ,1972,JUN,7,STS-D,49.77306,77.99,,UG-T,WE,25,,
402,1972,362 ,1972,JUL,6,STS-D,49.73611,78.10917,,UG-T,WE,1.5,,
403,1972,363 Fakel,1972,JUL,9,-UK,49.8,35.4,-2483,UG-S,I-FE,3.8,,
404,1972,364 ,1972,JUL,27,NZ-SS,70.8,53.8,,UG-S,FS,10,,
405,1972,365 ,1972,AUG,16,STS-D,49.77056,78.05722,,UG-T,WE,8,,
406,1972,366 Region-3,1972,AUG,20,-KZ,49.4,48.142,-490,UG-S,I-SS,6.6,,
407,1972,367 ,1972,AUG,26,STS-SU,49.98197,77.71661,,UG-S,WR,21,,
408,1972,368 ,1972,AUG,28,NZ-NS,73.388,54.847,-900,UG-T,WR,*    1120,1 MCi                ,
409,1972,368 ,1972,AUG,28,NZ-NS,73.388,54.847,,UG-T,WR,,,
410,1972,368 ,1972,AUG,28,NZ-NS,73.388,54.847,,UG-T,WR,,,
411,1972,368 ,1972,AUG,28,NZ-NS,73.388,54.847,,UG-T,WR,,,
412,1972,369 ,1972,SEP,2,STS-SU,49.95942,77.64089,,UG-S,WR,2,,
413,1972,370 Dnepr-1,1972,SEP,4,-RU-M,67.75,33.1,-130,UG-T,I,2.1,,
414,1972,371 Region-1,1972,SEP,21,-RU-O,52.118,52.068,-490,UG-S,I-SS,2.3,,
415,1972,372 Region-4,1972,OCT,3,-RU,46.853,44.938,-490,UG-S,I-SS,6.6,,
416,1972,373 ,1972,NOV,2,STS-B,49.92697,78.81725,,UG-S,WR,165,,
417,1972,374 Region-2,1972,NOV,24,-RU-O,51.99,51.867,-680,UG-S,I-SS,2.3,,
418,1972,375 Region-5,1972,NOV,24,-KZ,51.842,64.21,-425,UG-S,I-SS,6.6,,
419,1972,376 ,1972,DEC,10,STS-D,49.82611,78.09194,,UG-T,WR,58,,
420,1972,376 ,1972,DEC,10,STS-D,49.82806,78.05806,,UG-T,WR,,,
421,1972,377 ,1972,DEC,10,STS-B,50.027,78.99556,-378,UG-S,PR,140,V,
422,1972,378 ,1972,DEC,28,STS-D,49.73611,78.10722,,UG-T,WR,,,
423,1973,379 ,1973,FEB,16,STS-D,49.81583,78.10667,,UG-T,WR,42,,
424,1973,380 ,1973,APR,19,STS-SU,49.984,77.614,,UG-S,WR,21,,
425,1973,381 ,1973,JUL,10,STS-D,49.79111,78.01278,,UG-T,WR,20,,
426,1973,381 ,1973,JUL,10,STS-D,49.79111,78.01278,,UG-T,WR,,,
427,1973,381 ,1973,JUL,10,STS-D,49.79111,78.01278,,UG-T,SE,0.001,,
428,1973,382 ,1973,JUL,23,STS-B,49.96889,78.8175,-465,UG-S,PR,212,V,
429,1973,383 Meridian-3,1973,AUG,15,-KZ,42.775,67.408,-610,UG-S,I-SS,6.3,,
430,1973,384 Meridian-1,1973,AUG,28,-KZ,50.527,68.323,-400,UG-S,I-SS,6.3,,
431,1973,385 ,1973,SEP,12,NZ-NS,73.314,55.056,-1500,UG-T,WR,>    3800,15 Ci,TN       
432,1973,385 ,1973,SEP,12,NZ-NS,73.314,55.056,,UG-T,WR,,,
433,1973,385 ,1973,SEP,12,NZ-NS,73.314,55.056,,UG-T,WR,,,
434,1973,385 ,1973,SEP,12,NZ-NS,73.314,55.056,,UG-T,WR,,,
435,1973,386 Meridian-2,1973,SEP,19,-KZ,45.758,67.825,-400,UG-S,I-SS,6.3,,
436,1973,387 ,1973,SEP,20,STS-B,49.96167,78.85556,,UG-S,WR,0.001,,
437,1973,388 ,1973,SEP,27,NZ-SS,70.731,53.836,-880,UG-S,FS,180,10 Ci                ,
438,1973,389 Sapfir-2,1973,SEP,30,-RU-O,51.65,54.55,-1145,UG-S,I-CV,10,,
439,1973,391 ,1973,OCT,26,STS-D,49.75222,78.1325,,UG-T,WE,15,,
440,1973,390 Kama-2,1973,OCT,26,-RU-BK,53.65,55.4,-2030,UG-S,I-CV,10,,
441,1973,392 ,1973,OCT,27,NZ-SS,70.78,54.035,-1900,UG-S,WR,4000,,TN               
442,1973,393 ,1973,NOV,4,STS-B,50.06306,78.93306,,UG-S,WR,,V,
443,1973,394 ,1973,DEC,14,STS-B,50.04381,78.98569,,UG-S,WR,80,,
444,1973,395 ,1973,DEC,31,STS-D,49.73944,78.08639,-157,UG-T,WR,0.5,,
445,1974,396 ,1974,JAN,30,STS-D,49.82333,78.04167,,UG-T,WE,24,,
446,1974,396 ,1974,JAN,30,STS-D,49.82333,78.04167,,UG-T,WE,6,,
447,1974,396 ,1974,JAN,30,STS-D,49.82333,78.04167,,UG-T,WE,,,
448,1974,397 ,1974,FEB,28,STS-D,49.83167,78.10944,,UG-T,SE,0.001,,
449,1974,398 ,1974,APR,16,STS-B,50.02444,78.92639,,UG-S,WR,1,V,
450,1974,399 ,1974,MAY,16,STS-D,49.73972,78.03583,,UG-T,WR,18,,
451,1974,400 ,1974,MAY,31,STS-B,49.96056,78.84417,-316,UG-S,PR,71,V,
452,1974,401 ,1974,JUN,25,STS-D,49.83056,78.10139,,UG-T,WE,3.5,,
453,1974,402 Kama-1,1974,JUL,8,-RU-BK,53.7,55.1,-2130,UG-S,I-CV,10,,
454,1974,403 ,1974,JUL,10,STS-D,49.77722,78.1125,,UG-T,WR,18,,
455,1974,404 ,1974,JUL,29,STS-B,49.9375,78.93583,,UG-S,WR,,,
456,1974,405 Gorizont-2,1974,AUG,14,-RU-T,68.903,75.823,-550,UG-S,I-SS,7.6,,
457,1974,407 ,1974,AUG,29,NZ-NS,73.397,54.905,-1000,UG-T,WR,>    1200,4.9 kCi              ,
458,1974,407 ,1974,AUG,29,NZ-NS,73.397,54.905,,UG-T,WR,,,
459,1974,407 ,1974,AUG,29,NZ-NS,73.397,54.905,,UG-T,WR,,,
460,1974,407 ,1974,AUG,29,NZ-NS,73.397,54.905,,UG-T,WR,,,
461,1974,407 ,1974,AUG,29,NZ-NS,73.397,54.905,,UG-T,WR,,,
462,1974,406 Gorizont-1,1974,AUG,29,-RU,67.085,62.625,-590,UG-S,I-SS,7.6,,
463,1974,408 ,1974,SEP,13,STS-D,49.76972,78.05528,,UG-T,WE,14,,
464,1974,409 Kristall,1974,OCT,2,-RU,66.1,112.65,-98,UG-S,I-EM,1.7,,
465,1974,410 Argon-3,1974,OCT,16,STS-B,49.9875,78.89417,,UG-S,WE,19,,
466,1974,411 ,1974,NOV,2,NZ-SS,70.81,53.91,-1500,UG-S,WR,2300,,TN               
467,1974,412 ,1974,NOV,28,STS-SU,49.95,77.7,,UG-S,WR,0.01,V,
468,1974,413 Lazurit,1974,DEC,7,STS-M,49.916,77.605,-75,UG-S,I-EM,1.7,,
469,1974,414 ,1974,DEC,16,STS-D,49.76778,78.08167,,UG-T,WR,6.7,,
470,1974,415 ,1974,DEC,16,STS-D,49.83306,78.02667,-126,UG-T,I,3.8,,
471,1974,416 ,1974,DEC,27,STS-B,49.96583,79.00333,,UG-S,WR,36,,
472,1975,417 ,1975,FEB,20,STS-D,49.7775,78.01556,,UG-T,WE,,,
473,1975,417 ,1975,FEB,20,STS-D,49.7775,78.01556,,UG-T,WE,,,
474,1975,417 ,1975,FEB,20,STS-D,49.7775,78.01556,,UG-T,WE,,,
475,1975,418 ,1975,FEB,20,STS-D,49.79889,78.00139,,UG-T,WE,55,,
476,1975,419 ,1975,MAR,11,STS-D,49.75472,78.1075,,UG-T,WR,24,,
477,1975,420 ,1975,APR,25,-KZ-BA,47.909,47.912,-600,UG-CS,I,0.35,,
478,1975,421 ,1975,APR,27,STS-B,49.9375,78.90361,,UG-S,WR,29,,
479,1975,422 ,1975,JUN,8,STS-D,49.75167,78.00583,,UG-T,PR,32,,
480,1975,423 ,1975,JUN,30,STS-B,49.98556,78.89694,,UG-S,WR,8,,
481,1975,424 ,1975,JUL,15,STS-D,49.79139,78.09444,,UG-T,WR,,,
482,1975,424 ,1975,JUL,15,STS-D,49.79139,78.09444,,UG-T,WR,,,
483,1975,425 ,1975,AUG,7,STS-D,49.80194,78.13056,,UG-T,WR,14,,
484,1975,425 ,1975,AUG,7,STS-D,49.80139,78.12833,,UG-T,WR,,,
485,1975,426 Gorizont-4,1975,AUG,12,-RU,70.763,126.953,-500,UG-S,I-SS,7.6,,
486,1975,427 ,1975,AUG,23,NZ-NS,73.334,54.682,-700,UG-T,WE,>    1100,,
487,1975,427 ,1975,AUG,23,NZ-NS,73.334,54.682,,UG-T,WE,,,
488,1975,427 ,1975,AUG,23,NZ-NS,73.334,54.682,,UG-T,WE,,,
489,1975,427 ,1975,AUG,23,NZ-NS,73.334,54.682,,UG-T,WE,,,
490,1975,427 ,1975,AUG,23,NZ-NS,73.334,54.682,,UG-T,WR,,,
491,1975,427 ,1975,AUG,23,NZ-NS,73.334,54.682,,UG-T,WR,,,
492,1975,427 ,1975,AUG,23,NZ-NS,73.334,54.682,,UG-T,WR,,,
493,1975,427 ,1975,AUG,23,NZ-NS,73.334,54.682,,UG-T,WR,,,
494,1975,428 Gorizont-3,1975,SEP,29,-RU-K,69.578,90.337,-830,UG-S,I-SS,7.6,,
495,1975,429 ,1975,OCT,5,STS-D,49.78306,78.08667,,UG-T,WR,0.2,,
496,1975,430 ,1975,OCT,18,NZ-SS,70.816,53.744,-1100,UG-S,WR,>     600,V                    ,
497,1975,430 ,1975,OCT,18,NZ-SS,70.816,53.744,,UG-S,WR,>     600,,
498,1975,431 ,1975,OCT,18,NZ-SS,70.816,53.753,,UG-S,WR,>     600,,
499,1975,432 ,1975,OCT,21,NZ-NS,73.307,55.01,-700,UG-T,WR,>    1300,300 kCi              ,
500,1975,432 ,1975,OCT,21,NZ-NS,73.307,55.01,,UG-T,WR,,,
501,1975,432 ,1975,OCT,21,NZ-NS,73.307,55.01,,UG-T,WR,,,
502,1975,432 ,1975,OCT,21,NZ-NS,73.307,55.01,,UG-T,WR,,,
503,1975,432 ,1975,OCT,21,NZ-NS,73.307,55.01,,UG-T,WR,,,
504,1975,433 ,1975,OCT,29,STS-B,49.95389,78.87389,,UG-S,WR,36,,
505,1975,434 ,1975,DEC,13,STS-D,49.81333,78.10861,,UG-T,WR,8,,
506,1975,435 ,1975,DEC,25,STS-B,50.04389,78.82,,UG-S,WR,59,,
507,1976,436 ,1976,JAN,15,STS-D,49.81,78.17139,,UG-T,WR,13,,
508,1976,437 ,1976,MAR,17,STS-D,49.75556,78.09917,,UG-T,WR,,V,
509,1976,438 ,1976,MAR,29,-KZ-BA,47.897,48.133,-990,UG-CS,I,10,,
510,1976,439 ,1976,APR,10,STS-D,49.755,78.0475,-130,UG-T,WR,0.1,V,
511,1976,441 ,1976,APR,21,STS-D,49.75472,78.1075,,UG-T,WR,7,,
512,1976,440 ,1976,APR,21,STS-B,49.90056,78.83083,,UG-S,WR,7,,
513,1976,442 ,1976,MAY,19,STS-D,49.7775,78.01556,,UG-T,WR,3.7,,
514,1976,443 ,1976,JUN,9,STS-B,49.99361,79.02444,,UG-S,WR,10,,
515,1976,444 ,1976,JUL,4,STS-B,49.90417,78.89944,,UG-S,WR,65,,
516,1976,445 ,1976,JUL,23,STS-D,49.74333,78.05167,,UG-T,WR,7,,
517,1976,446 ,1976,JUL,29,-KZ-BA,47.87,48.15,-1000,UG-S,I-CV,58,,
518,1976,447 ,1976,AUG,4,STS-SU?,49.87,77.7,,UG-S,WR,0.9,,
519,1976,448 ,1976,AUG,28,STS-B,49.975,78.92639,,UG-S,WR,53,,
520,1976,449 ,1976,SEP,29,NZ-NS,73.36,54.871,-400,UG-T,WR,130,10,
521,1976,449 ,1976,SEP,29,NZ-NS,73.36,54.871,,UG-T,WR,,,
522,1976,450 ,1976,OCT,20,NZ-NS,73.398,54.812,-300,UG-T,WR,13,,
523,1976,450 ,1976,OCT,20,NZ-NS,73.398,54.812,,UG-T,WR,,,
524,1976,450 ,1976,OCT,20,NZ-NS,73.398,54.812,,UG-T,FS,,,
525,1976,450 ,1976,OCT,20,NZ-NS,73.398,54.812,,UG-T,SE,0.001,,
526,1976,451 ,1976,OCT,30,STS-D,49.83139,78.05722,,UG-T,WE,2.8,,
527,1976,452 Oka,1976,NOV,5,-RU-YK,61.458,112.86,-1525,UG-S,I-OS,15,,
528,1976,453 ,1976,NOV,23,STS-B,50.01306,78.94333,,UG-S,WR,74,,
529,1976,454 ,1976,DEC,7,STS-B,49.94389,78.83917,,UG-S,WR,54,,
530,1976,454 ,1976,DEC,7,STS-B,49.94389,78.83917,,UG-S,WR,,,
531,1976,455 ,1976,DEC,7,STS-B,49.89917,78.78639,,UG-S,WR,95,,
532,1976,456 ,1976,DEC,30,STS-D,49.78028,78.03667,,UG-T,WR,10,,
533,1976,456 ,1976,DEC,30,STS-D,49.78028,78.03667,,UG-T,WR,,,
534,1977,458 ,1977,MAR,29,STS-D?,49.97,78.086,,UG-S,WR,24,,
535,1977,457 ,1977,MAR,29,STS-D,49.77639,78.0175,,UG-T,WR,25,,
536,1977,457 ,1977,MAR,29,STS-D,49.77639,78.0175,,UG-T,WR,,,
537,1977,457 ,1977,MAR,29,STS-D,49.77639,78.0175,,UG-T,SE,0.001,,
538,1977,459 ,1977,APR,25,STS-D,49.81333,78.10861,,UG-T,WR,10,,
539,1977,460 ,1977,MAY,29,STS-B,49.94639,78.77167,,UG-S,WR,44,,
540,1977,461 ,1977,JUN,29,STS-B,49.99944,78.86667,,UG-S,WR,9,,
541,1977,462 Meteorit-2,1977,JUL,26,-RU-K,69.575,90.375,-880,UG-S,I-SS,15,,
542,1977,463 ,1977,JUL,30,STS-D,49.75056,78.04917,,UG-T,WR,11,,
543,1977,463 ,1977,JUL,30,STS-D,49.75056,78.04917,,UG-T,WR,,,
544,1977,464 Meteorit-5,1977,AUG,10,-RU,50.955,110.983,-490,UG-S,I-SS,8.5,,
545,1977,465 ,1977,AUG,17,STS-D,49.83083,78.11389,,UG-T,WR,8,,
546,1977,466 Meteorit-3,1977,AUG,20,-RU-K,64.108,99.558,-600,UG-S,I-SS,8.5,,
547,1977,467 ,1977,SEP,1,NZ-NS,73.339,54.619,-600,UG-T,WR,120,,
548,1977,467 ,1977,SEP,1,NZ-NS,73.339,54.619,,UG-T,WR,,,
549,1977,467 ,1977,SEP,1,NZ-NS,73.339,54.619,,UG-T,WR,,,
550,1977,467 ,1977,SEP,1,NZ-NS,73.339,54.619,,UG-T,WR,*70-130?,,
551,1977,468 ,1977,SEP,5,STS-B,50.05556,78.91417,,UG-S,WR,78,,
552,1977,468 ,1977,SEP,5,STS-B,50.05556,78.91417,,UG-S,FS,,,
553,1977,469 Meteorit-4,1977,SEP,10,-RU,57.251,106.551,-540,UG-S,I,7.6,,
554,1977,470 Galit,1977,SEP,30,-KZ-BA,47.897,48.161,-1500,UG-S,I,10,,
555,1977,471 ,1977,OCT,9,NZ-NS,73.409,54.927,-160,UG-T,WR,5,3 kCi                ,
556,1977,472 ,1977,OCT,14,-KZ-BA,47.909,47.912,-600,UG-CS,I,0.1,,
557,1977,473 ,1977,OCT,29,STS-D,49.83417,78.08028,,UG-T,WR,42,,
558,1977,473 ,1977,OCT,29,STS-D,49.83417,78.08028,,UG-T,FS,,,
559,1977,474 ,1977,OCT,29,STS-B,50.05222,78.98028,,UG-S,WR,50,,
560,1977,475 ,1977,OCT,30,-KZ-BA,47.909,47.912,-600,UG-CS,I,*     0.1,,
561,1977,476 ,1977,NOV,12,STS-B,50.05222,78.86444,,UG-S,WR,,,
562,1977,477 ,1977,NOV,27,STS-D,49.75444,78.05028,,UG-T,WR,,,
563,1977,478 ,1977,NOV,30,STS-B,49.96722,78.87444,ya,UG-S,WR,70,,
564,1977,478 ,1977,NOV,30,STS-B,49.96722,78.87444,ya,UG-S,WR,,,
565,1977,479 ,1977,DEC,26,STS-D,49.81083,78.05417,,UG-T,WR,,,
566,1977,480 ,1977,DEC,26,STS-D,49.80139,78.12833,,UG-T,WR,6,,
567,1977,480 ,1977,DEC,26,STS-D,49.80194,78.13056,,UG-T,WR,0.001,,
568,1977,480 ,1977,DEC,26,STS-D,49.80194,78.13056,,UG-T,WR,,,
569,1977,480 ,1977,DEC,26,STS-D,49.80194,78.13056,,UG-T,WR,,,
570,1978,481 ,1978,MAR,19,STS-SU,49.945,77.704,,UG-S,WR,13,,
571,1978,482 ,1978,MAR,26,STS-D,49.76194,77.9825,-260,UG-T,WR,30,,
572,1978,482 ,1978,MAR,26,STS-D,49.76194,77.9825,,UG-T,WR,,,
573,1978,483 ,1978,APR,22,STS-D,49.75167,78.13167,,UG-T,WR,20,,
574,1978,483 ,1978,APR,22,STS-D,49.75167,78.13167,,UG-T,WR,,,
575,1978,483 ,1978,APR,22,STS-D,49.75167,78.13167,,UG-T,WR,,,
576,1978,484 ,1978,MAY,24,STS-D,49.74333,78.05167,,UG-T,SE,0.001,,
577,1978,485 ,1978,MAY,29,STS-D,49.79139,78.09444,,UG-T,WE,3,,
578,1978,486 ,1978,JUN,2,STS-D,49.74333,78.05167,,UG-T,SE,0.001,,
579,1978,487 ,1978,JUN,11,STS-B,49.91333,78.80194,,UG-S,WR,58,,
580,1978,488 ,1978,JUL,5,STS-B,49.9,78.86667,,UG-S,WR,87,,
581,1978,489 ,1978,JUL,28,STS-D,49.755,78.145,,UG-T,WR,60,,
582,1978,489 ,1978,JUL,28,STS-D,49.755,78.145,,UG-T,WR,,,
583,1978,489 ,1978,JUL,28,STS-D,49.755,78.145,,UG-T,WR,,,
584,1978,489 ,1978,JUL,28,STS-D,49.755,78.145,,UG-T,WR,,,
585,1978,489 ,1978,JUL,28,STS-D,49.755,78.145,,UG-T,WR,,,
586,1978,490 Kraton-4,1978,AUG,9,-RU,63.678,125.522,-560,UG-S,I-SS,22,,
587,1978,491 ,1978,AUG,10,NZ-NS,73.291,54.883,,UG-T,WR,180,,
588,1978,491 ,1978,AUG,10,NZ-NS,73.291,54.883,,UG-T,WR,,,
589,1978,491 ,1978,AUG,10,NZ-NS,73.291,54.883,,UG-T,WR,,,
590,1978,491 ,1978,AUG,10,NZ-NS,73.291,54.883,,UG-T,WR,,,
591,1978,491 ,1978,AUG,10,NZ-NS,73.291,54.883,-500,UG-T,WR,,70 Ci                ,
592,1978,491 ,1978,AUG,10,NZ-NS,73.291,54.883,,UG-T,FS,,,
593,1978,492 Kraton-3,1978,AUG,24,-RU,65.925,112.338,-577,UG-S,I-SS,22,V,
594,1978,493 ,1978,AUG,29,STS-D,49.81333,78.10861,,UG-T,WR,14,,
595,1978,493 ,1978,AUG,29,STS-D,49.81333,78.10861,,UG-T,WR,,,
596,1978,493 ,1978,AUG,29,STS-D,49.81333,78.10861,,UG-T,SE,0.001,,
597,1978,494 ,1978,AUG,29,STS-B,50.00611,78.96722,,UG-S,WR,119,,
598,1978,495 ,1978,SEP,12,-KZ-BA,47.909,47.912,-600,UG-CS,I,0.08,,
599,1978,496 ,1978,SEP,15,STS-B,49.92833,78.86167,,UG-S,WR,81,,
600,1978,497 ,1978,SEP,20,STS-D,49.79861,78.15,,UG-T,WE,1.1,,
601,1978,498 Kraton-2,1978,SEP,21,-RU-K,66.598,86.21,-890,UG-S,I-SS,15,,
602,1978,499 ,1978,SEP,27,NZ-NS,73.349,54.676,-350,UG-T,WR,60,,
603,1978,499 ,1978,SEP,27,NZ-NS,73.349,54.676,,UG-T,WR,,,
604,1978,499 ,1978,SEP,27,NZ-NS,73.349,54.676,,UG-T,WR,,,
605,1978,499 ,1978,SEP,27,NZ-NS,73.349,54.676,,UG-T,WR,,,
606,1978,499 ,1978,SEP,27,NZ-NS,73.349,54.676,,UG-T,WR,,,
607,1978,499 ,1978,SEP,27,NZ-NS,73.349,54.676,,UG-T,WR,,,
608,1978,499 ,1978,SEP,27,NZ-NS,73.349,54.676,,UG-T,SE,0.001,,
609,1978,500 Vyatka,1978,OCT,8,-RU-YK,61.55,112.85,-1545,UG-S,I-OS,15,,
610,1978,501 ,1978,OCT,15,STS-D,49.73667,78.11111,,UG-T,WE,12,,
611,1978,502 Galit,1978,OCT,17,-KZ-BA,47.85,48.12,-1040,UG-S,I-CV,56,,
612,1978,502 Galit,1978,OCT,17,-KZ-BA,47.85,48.12,,UG-S,I-CV,18,,
613,1978,503 Kraton-1,1978,OCT,17,-RU-T,63.185,63.432,-593,UG-S,I-SS,22,,
614,1978,504 ,1978,OCT,31,STS-D,49.78861,78.1075,,UG-T,FS,16,,
615,1978,505 ,1978,NOV,4,STS-B,50.04167,78.94722,,UG-S,WR,44,,
616,1978,505 ,1978,NOV,4,STS-B,50.04167,78.94722,,UG-S,WR,,,
617,1978,506 ,1978,NOV,29,STS-B,49.95333,78.79528,,UG-S,WR,101,,
618,1978,506 ,1978,NOV,29,STS-B,49.95333,78.79528,,UG-S,WR,,,
619,1978,507 ,1978,NOV,29,STS-D,49.78333,78.01556,,UG-T,WR,110,,
620,1978,508 ,1978,NOV,30,-KZ-BA,47.909,47.912,-600,UG-CS,I,*   0.006,,
621,1978,509 ,1978,DEC,14,STS-D,49.81583,78.10667,,UG-T,WR,4,,
622,1978,510 Galit,1978,DEC,18,-KZ-BA,47.86,48.16,-630,UG-S,I-CV,103,,
623,1978,511 ,1978,DEC,20,STS-D,49.81083,78.05417,,UG-T,WR,3.5,,
624,1978,511 ,1978,DEC,20,STS-D,49.81083,78.05417,,UG-T,WR,,,
625,1979,512 ,1979,JAN,10,-KZ-BA,47.909,47.912,-600,UG-CS,I-CV,0.5,,
626,1979,513 Galit,1979,JAN,17,-KZ-BA,47.92,48.12,-1000,UG-S,I-CV,12,V,
627,1979,513 ,1979,JAN,17,-KZ-BA,47.92,48.12,,UG-S,I-CV,56,V,
628,1979,514 ,1979,FEB,1,STS-B,50.08083,78.85333,,UG-S,WR,18,,
629,1979,515 ,1979,FEB,16,STS-SU,49.974,77.668,,UG-S,WR,23,,
630,1979,515 ,1979,FEB,16,STS-SU,49.974,77.668,,UG-S,WR,,,
631,1979,516 ,1979,MAR,23,STS-D,49.81,78.17139,,UG-T,SE,0.001,,
632,1979,517 ,1979,APR,10,STS-D,49.81,78.17139,,UG-T,SE,0.001,,
633,1979,518 ,1979,MAY,6,STS-D,49.76194,77.9825,,UG-T,WR,15,,
634,1979,518 ,1979,MAY,6,STS-D,49.76194,77.9825,,UG-T,WR,,,
635,1979,519 ,1979,MAY,31,STS-D,49.81278,78.05944,,UG-T,WR,17,,
636,1979,519 ,1979,MAY,31,STS-D,49.81278,78.05944,,UG-T,WR,,,
637,1979,519 ,1979,MAY,31,STS-D,49.81278,78.05944,,UG-T,WR,,,
638,1979,519 ,1979,MAY,31,STS-D,49.83417,78.08028,,UG-T,WR,,,
639,1979,520 ,1979,JUN,12,STS-D,49.81,78.17139,,UG-T,SE,0.001,,
640,1979,521 ,1979,JUN,23,STS-B,49.91472,78.84583,,UG-S,WR,149,,
641,1979,522 ,1979,JUL,7,STS-B,50.03306,78.98917,,UG-S,WR,97,,
642,1979,522 ,1979,JUL,7,STS-B,50.03306,78.98917,,UG-S,WR,,,
643,1979,523 Galit,1979,JUL,14,-KZ-BA,47.88,48.12,-980,UG-S,I-CV,7,,
644,1979,523 Galit,1979,JUL,14,-KZ-BA,47.88,48.12,,UG-S,I-CV,7,,
645,1979,523 Galit,1979,JUL,14,-KZ-BA,47.88,48.12,,UG-S,I-CV,7,,
646,1979,524 ,1979,JUL,18,STS-SU,49.919,77.812,,UG-S,WR,12,,
647,1979,525 ,1979,JUL,18,STS-D,49.77722,78.1125,,UG-T,FS,14,,
648,1979,526 ,1979,AUG,4,STS-B,49.90306,78.88778,,UG-S,WR,150,,
649,1979,526 ,1979,AUG,4,STS-B,49.90306,78.88778,,UG-S,WR,,,
650,1979,527 Kimberlit-4,1979,AUG,12,-RU,61.803,122.43,-980,UG-S,I-SS,8.5,,
651,1979,528 ,1979,AUG,18,STS-B,49.94806,78.91889,,UG-S,WR,150,,
652,1979,528 ,1979,AUG,18,STS-B,49.94806,78.91889,,UG-S,WR,,,
653,1979,529 Kimberlit-3,1979,SEP,6,-RU-K,64.11,99.562,-600,UG-S,I-SS,8.5,,
654,1979,530 Klivazh,1979,SEP,16,-UK,48.2,38.3,-900,UG-M,I,0.3,,
655,1979,531 ,1979,SEP,24,NZ-NS,73.343,54.672,-500,UG-T,WR,130,V 170 Ci,
656,1979,531 ,1979,SEP,24,NZ-NS,73.343,54.672,,UG-T,WR,,,
657,1979,531 ,1979,SEP,24,NZ-NS,73.343,54.672,,UG-T,WR,,,
658,1979,532 ,1979,SEP,27,STS-D,49.75056,78.04917,,UG-T,WE,1.6,,
659,1979,533 Kimberlit-1,1979,OCT,4,-RU-T,60.675,71.455,-840,UG-S,I-SS,22,,
660,1979,534 Sheksna,1979,OCT,7,-RU-YK,61.85,113.1,-1550,UG-S,I-OS,15,,
661,1979,535 ,1979,OCT,18,STS-D,49.82417,78.0975,,UG-T,WR,15,,
662,1979,535 ,1979,OCT,18,STS-D,49.82417,78.0975,,UG-T,WR,,,
663,1979,536 ,1979,OCT,18,NZ-NS,73.316,54.816,-500,UG-T,WR,150,V 40 Ci,
664,1979,536 ,1979,OCT,18,NZ-NS,73.316,54.816,,UG-T,WR,,,
665,1979,536 ,1979,OCT,18,NZ-NS,73.316,54.816,,UG-T,WR,,,
666,1979,536 ,1979,OCT,18,NZ-NS,73.316,54.816,,UG-T,WR,,,
667,1979,537 Galit,1979,OCT,24,-KZ-BA,47.85,48.14,-850,UG-S,I-CV,3,,
668,1979,537 Galit,1979,OCT,24,-KZ-BA,47.85,48.14,,UG-S,I-CV,30,,
669,1979,538 ,1979,OCT,28,STS-B,49.99667,78.995,,UG-S,WR,120,,
670,1979,538 ,1979,OCT,28,STS-B,49.99667,78.995,,UG-S,WR,,,
671,1979,539 ,1979,NOV,30,STS-D,49.78306,78.08667,,UG-T,WR,1.6,,
672,1979,540 ,1979,DEC,2,STS-B,49.90944,78.78444,,UG-S,WR,93,,
673,1979,540 ,1979,DEC,2,STS-B,49.90944,78.78444,,UG-S,FS,,,
674,1979,541 ,1979,DEC,21,STS-D,49.79222,78.113,,UG-T,WR,3.6,,
675,1979,542 ,1979,DEC,23,STS-B,49.93222,78.75278,a-1,UG-S,WR,137,,
676,1979,542 ,1979,DEC,23,STS-B,49.93222,78.75278,a-1,UG-S,WR,,,
677,1980,543 ,1980,MAR,14,STS-D,49.82333,78.04167,,UG-T,SE,0.001,,
678,1980,544 ,1980,APR,4,STS-SU,50,77.823,,UG-S,WR,6,,
679,1980,545 ,1980,APR,10,STS-D,49.7825,78.05722,,UG-T,WR,8,,
680,1980,545 ,1980,APR,10,STS-D,49.7825,78.05722,,UG-T,WR,,,
681,1980,546 ,1980,APR,25,STS-B,49.97639,78.75944,,UG-S,WR,*      19,,
682,1980,546 ,1980,APR,25,STS-B,49.97639,78.75944,,UG-S,WR,,,
683,1980,547 ,1980,MAY,22,STS-D,49.77972,78.03639,,UG-T,WR,35,,
684,1980,547 ,1980,MAY,22,STS-D,49.77972,78.03639,,UG-T,WR,,,
685,1980,547 ,1980,MAY,22,STS-D,49.77972,78.03639,,UG-T,WR,,,
686,1980,548 ,1980,JUN,12,STS-B,49.98872,78.99108,,UG-S,WR,37,,
687,1980,549 Butan,1980,JUN,16,-RU-BK,52.9,56.5,-1400,UG-S,I-OS,3.2,,
688,1980,550 Butan,1980,JUN,25,-RU-BK,52.9,56.5,-1390,UG-S,I-OS,3.2,,
689,1980,551 ,1980,JUN,25,STS-D,49.82583,78.09944,-152,UG-T,WR,0.3,,
690,1980,552 ,1980,JUN,29,STS-B,49.94861,78.81806,,UG-S,WR,44,,
691,1980,552 ,1980,JUN,29,STS-B,49.94861,78.81806,,UG-S,WR,,,
692,1980,552 ,1980,JUN,29,STS-B,49.94861,78.81806,,UG-S,WR,,,
693,1980,553 ,1980,JUL,31,STS-D,49.79056,78.09083,,UG-T,WR,20,,
694,1980,553 ,1980,JUL,31,STS-D,49.79056,78.09083,,UG-T,WR,,,
695,1980,554 ,1980,SEP,14,STS-B,49.93667,78.7975,,UG-S,WR,200,,
696,1980,555 Dynamika,1980,SEP,25,STS-D,49.78333,78.08056,,UG-T,WE,5,,
697,1980,556 Vega-1,1980,OCT,8,-RU-AS,46.757,48.275,-1025,UG-S,I-CV,8.5,,
698,1980,557 ,1980,OCT,11,NZ-NS,73.336,54.94,-600,UG-T,WR,*     130,,
699,1980,557 ,1980,OCT,11,NZ-NS,73.336,54.94,,UG-T,WR,,,
700,1980,557 ,1980,OCT,11,NZ-NS,73.336,54.94,,UG-T,WR,,,
701,1980,557 ,1980,OCT,11,NZ-NS,73.336,54.94,,UG-T,WR,,,
702,1980,557 ,1980,OCT,11,NZ-NS,73.3,54.9,,UG-T,WR,,V 5 Ci,
703,1980,557 ,1980,OCT,11,NZ-NS,73.3,54.9,,UG-T,WR,,,
704,1980,557 ,1980,OCT,11,NZ-NS,73.3,54.9,,UG-T,WR,,,
705,1980,558 ,1980,OCT,12,STS-B,49.9675,79.0225,-440,UG-S,WR,102,300  V,
706,1980,558 ,1980,OCT,12,STS-B,49.9675,79.0225,-510,UG-S,WR,,,
707,1980,559 ,1980,OCT,23,STS-D,49.75167,78.13167,,UG-T,WR,,,
708,1980,560 Batolit-1,1980,NOV,1,-RU-K,60.8,97.55,-720,UG-S,I-SS,8,,
709,1980,561 ,1980,DEC,5,STS-D,49.75167,78.13167,-36,UG-T,WR,0.1,V,
710,1980,562 ,1980,DEC,5,STS-D,49.83083,78.11389,,UG-T,WR,,,
711,1980,562 ,1980,DEC,5,STS-D,49.83083,78.11389,,UG-T,WR,,,
712,1980,562 ,1980,DEC,5,STS-D,49.83083,78.11389,,UG-T,WR,,,
713,1980,563 Angara,1980,DEC,10,-RU-T,61.75,66.75,-2485,UG-S,I-OS,15,,
714,1980,564 ,1980,DEC,14,STS-B,49.90889,78.91861,,UG-S,WR,101,,
715,1980,564 ,1980,DEC,14,STS-B,49.90889,78.91861,,UG-S,WR,,,
716,1980,564 ,1980,DEC,14,STS-B,49.90889,78.91861,,UG-S,WR,,,
717,1980,565 ,1980,DEC,26,STS-D,49.82611,78.09194,,UG-T,WR,2,,
718,1980,566 ,1980,DEC,27,STS-B,50.06194,78.97528,,UG-S,WR,100,,
719,1980,566 ,1980,DEC,27,STS-B,50.06194,78.97528,,UG-S,WR,,,
720,1981,567 ,1981,MAR,25,STS-D,49.82333,78.04167,,UG-T,SE,0.001,,
721,1981,568 ,1981,MAR,29,STS-B,50.01806,78.97881,,UG-S,WR,30,,
722,1981,568 ,1981,MAR,29,STS-B,50.01806,78.97881,,UG-S,FS,,,
723,1981,568 ,1981,MAR,29,STS-B,50.01806,78.97881,,UG-S,FS,,,
724,1981,569 ,1981,APR,22,STS-B,49.89889,78.80861,,UG-S,WR,92,,
725,1981,569 ,1981,APR,22,STS-B,49.89889,78.80861,,UG-S,WR,,,
726,1981,569 ,1981,APR,22,STS-B,49.89889,78.80861,,UG-S,WR,,,
727,1981,570 Pirit,1981,MAY,25,-RU-A,68.2,53.5,-1511,UG-S,I-FE,37.6,,
728,1981,571 ,1981,MAY,27,STS-B,49.98694,78.97056,,UG-S,WR,20,,
729,1981,572 ,1981,JUN,4,STS-D,49.82333,78.04167,,UG-T,SE,0.001,,
730,1981,573 ,1981,JUN,30,STS-D,49.7675,78.08083,,UG-T,WR,12,,
731,1981,573 ,1981,JUN,30,STS-D,49.7675,78.08083,,UG-T,WR,,,
732,1981,574 ,1981,JUL,17,STS-D,49.80139,78.13139,-146,UG-T,WR,9.3,,
733,1981,575 ,1981,AUG,14,STS-D,49.75222,78.05306,,UG-T,WR,5.6,,
734,1981,575 ,1981,AUG,14,STS-D,49.75222,78.05306,,UG-T,WR,,,
735,1981,575 ,1981,AUG,14,STS-D,49.75222,78.05306,,UG-T,WR,,,
736,1981,576 Geliy-1,1981,SEP,2,-RU-P,60.6,55.7,-2090,UG-S,I-OS,3.2,,
737,1981,577 ,1981,SEP,13,STS-B,49.91333,78.89444,,UG-S,WR,150,,
738,1981,578 Vega,1981,SEP,26,-RU-AS,46.79,48.313,-1050,UG-S,I-CV,8.5,,
739,1981,579 Vega,1981,SEP,26,-RU-AS,46.771,48.304,-1050,UG-S,I-CV,8.5,,
740,1981,580 ,1981,OCT,1,NZ-NS,73.304,54.818,-600,UG-T,WR,*     140,,
741,1981,580 ,1981,OCT,1,NZ-NS,73.304,54.818,,UG-T,WR,,,
742,1981,580 ,1981,OCT,1,NZ-NS,73.304,54.818,,UG-T,WR,,,
743,1981,580 ,1981,OCT,1,NZ-NS,73.304,54.818,,UG-T,WR,,,
744,1981,581 ,1981,OCT,16,STS-D,49.83417,78.08028,,UG-T,SE,0.001,,
745,1981,582 ,1981,OCT,18,STS-B,49.92806,78.84472,,UG-S,WR,107,,
746,1981,582 ,1981,OCT,18,STS-B,49.92806,78.84472,,UG-S,WR,,,
747,1981,583 Shpat-2,1981,OCT,22,-RU-K,63.8,97.55,-580,UG-S,I-SS,8.5,,
748,1981,584 ,1981,NOV,20,STS-D,49.73667,78.10417,,UG-T,WR,8,,
749,1981,584 ,1981,NOV,20,STS-D,49.73667,78.10417,,UG-T,WR,,,
750,1981,585 ,1981,NOV,29,STS-B,49.90194,78.84889,,UG-S,WR,31,,
751,1981,585 ,1981,NOV,29,STS-B,49.90194,78.84889,,UG-S,WR,,,
752,1981,585 ,1981,NOV,29,STS-B,49.90194,78.84889,,UG-S,WR,,,
753,1981,586 ,1981,DEC,22,STS-D,49.83417,78.08028,,UG-T,WR,7,,
754,1981,586 ,1981,DEC,22,STS-D,49.83417,78.08028,,UG-T,WR,,,
755,1981,586 ,1981,DEC,22,STS-D,49.83417,78.08028,,UG-T,WR,,,
756,1981,587 ,1981,DEC,27,STS-B,49.93306,78.77833,,UG-S,WR,150,,
757,1982,588 ,1982,FEB,19,STS-D,49.82333,78.03333,,UG-T,WR,24,,
758,1982,588 ,1982,FEB,19,STS-D,49.82333,78.03333,,UG-T,WR,,,
759,1982, ,1982,APR,6,STS-D,49.834,78.08,,UG-T,,0,,
760,1982,589 ,1982,APR,25,STS-B,49.91694,78.88778,,UG-S,FS,145,,
761,1982,589 ,1982,APR,25,STS-B,49.91694,78.88778,,UG-S,FS,,,
762,1982,589 ,1982,APR,25,STS-B,49.91694,78.88778,,UG-S,FS,,,
763,1982,590 ,1982,JUN,25,STS-D,49.77139,78.11083,,UG-T,WE,2.4,,
764,1982,590 ,1982,JUN,25,STS-D,49.77139,78.11083,,UG-T,WR,,,
765,1982,591 ,1982,JUL,4,STS-B,49.95861,78.81167,,UG-S,WR,136,,
766,1982,591 ,1982,JUL,4,STS-B,49.95861,78.81167,,UG-S,WR,,,
767,1982,591 ,1982,JUL,4,STS-B,49.95861,78.81167,,UG-S,WR,,,
768,1982,592 Rift-3,1982,JUL,30,-RU,53.8,104.15,-860,UG-S,I-SS,8.5,,
769,1982,593 ,1982,AUG,23,STS-D,49.74028,78.03083,,UG-T,WR,1.7,,
770,1982,593 ,1982,AUG,23,STS-D,49.74028,78.03083,,UG-T,WR,,,
771,1982,594 ,1982,AUG,31,STS-B,49.91417,78.76139,,UG-S,WR,8,,
772,1982,594 ,1982,AUG,31,STS-B,49.91417,78.76139,,UG-S,WR,,,
773,1982,595 Rift-1,1982,SEP,4,-RU-K,69.2,81.65,-960,UG-S,I-SS,16,,
774,1982,596 ,1982,SEP,21,STS-D,49.77917,78.12472,,UG-T,WR,12,,
775,1982,596 ,1982,SEP,21,STS-D,49.77917,78.12472,,UG-T,WR,,,
776,1982,597 Rift-4,1982,SEP,25,-RU-K,64.35,91.8,-550,UG-S,I-SS,8.5,,
777,1982,598 Neva-1,1982,OCT,10,-RU-YK,61.55,112.85,-1500,UG-S,I-OS,15,,
778,1982,599 ,1982,OCT,11,NZ-NS,73.339,54.608,1,UG-T,WR,80,V 1 kCi,
779,1982,599 ,1982,OCT,11,NZ-NS,73.339,54.608,-500,UG-T,WR,,,
780,1982,599 ,1982,OCT,11,NZ-NS,73.339,54.608,3,UG-T,WR,,,
781,1982,599 ,1982,OCT,11,NZ-NS,73.339,54.608,4,UG-T,WR,,,
782,1982,600 Vega,1982,OCT,16,-RU-AS,46.759,48.247,-975,UG-S,I-CV,*    13.5,,
783,1982,601 Vega,1982,OCT,16,-RU-AS,46.752,48.258,-990,UG-S,I-CV,8.5,,
784,1982,602 Vega,1982,OCT,16,-RU-AS,46.766,48.288,-1100,UG-S,I-CV,8.5,,
785,1982,603 Vega,1982,OCT,16,-RU-AS,46.76,48.3,-1060,UG-S,I-CV,8.5,,
786,1982,604 ,1982,DEC,5,STS-B,49.93083,78.80972,,UG-S,WR,119,,
787,1982,604 ,1982,DEC,5,STS-B,49.93083,78.80972,,UG-S,WR,,,
788,1982,605 ,1982,DEC,25,STS-D,49.78111,78.035,-112,UG-T,WR,1.7,,
789,1982,605 ,1982,DEC,25,STS-D,49.78111,78.035,,UG-T,WR,,,
790,1982,606 ,1982,DEC,26,STS-B,50.06306,78.99389,,UG-S,FS,21,,
791,1982,606 ,1982,DEC,26,STS-B,50.06306,78.99389,,UG-S,WR,21,,
792,1983,607 ,1983,MAR,11,STS-D,49.82333,78.03333,,UG-T,SE,0.001,,
793,1983,608 ,1983,MAR,30,STS-D,49.785,78.04056,,UG-T,WR,2.7,,
794,1983, ,1983,APR,11,STS-D,49.823,78.033,,UG-T,,0,,
795,1983,609 ,1983,APR,12,STS-D,49.78556,78.08472,,UG-T,WE,3,,
796,1983,610 ,1983,MAY,30,STS-D,49.74111,78.12028,-245,UG-T,FS,20,,
797,1983,610 ,1983,MAY,30,STS-D,49.74111,78.12028,-180,UG-T,WR,,,
798,1983, ,1983,JUN,9,STS-D,49.823,78.033,,UG-T,,0,,
799,1983,611 ,1983,JUN,12,STS-B,49.925,78.89806,,UG-S,WR,138,,
800,1983,611 ,1983,JUN,12,STS-B,49.925,78.89806,,UG-S,WR,,,
801,1983,612 ,1983,JUN,24,STS-D,49.73972,78.03583,,UG-T,WR,1.8,,
802,1983,613 Lira,1983,JUL,10,-KZ-KA,51.363,53.306,-910,UG-S,I-CV,15,,
803,1983,614 Lira,1983,JUL,10,-KZ-KA,51.367,53.327,-920,UG-S,I-CV,15,,
804,1983,615 Lira,1983,JUL,10,-KZ-KA,51.38,53.34,-840,UG-S,I-CV,15,,
805,1983,616 ,1983,AUG,18,NZ-NS,73.354,54.974,,UG-T,WR,*     150,V 2 Ci,
806,1983,616 ,1983,AUG,18,NZ-NS,73.354,54.974,,UG-T,WR,,,
807,1983,616 ,1983,AUG,18,NZ-NS,73.354,54.974,,UG-T,WR,,,
808,1983,616 ,1983,AUG,18,NZ-NS,73.354,54.974,,UG-T,PR,,,
809,1983,616 ,1983,AUG,18,NZ-NS,73.354,54.974,,UG-T,SE,,,
810,1983,617 Dynamika,1983,SEP,11,STS-D,49.78472,78.08417,,UG-T,WE,1.9,,
811,1983,618 Vega,1983,SEP,24,-RU-AS,46.783,48.315,-1050,UG-S,I-CV,8.5,,
812,1983,619 Vega,1983,SEP,24,-RU-AS,46.788,48.297,-1050,UG-S,I-CV,8.5,,
813,1983,620 Vega,1983,SEP,24,-RU-AS,46.767,48.31,-920,UG-S,I-CV,8.5,,
814,1983,621 Vega,1983,SEP,24,-RU-AS,46.749,48.303,-1100,UG-S,I-CV,8.5,,
815,1983,622 Vega,1983,SEP,24,-RU-AS,46.754,48.289,-950,UG-S,I-CV,8.5,,
816,1983,623 Vega,1983,SEP,24,-RU-AS,46.766,48.274,-1070,UG-S,I-CV,8.5,,
817,1983,624 ,1983,SEP,25,NZ-NS,73.328,54.541,-500,UG-T,WR,100,,
818,1983,624 ,1983,SEP,25,NZ-NS,73.328,54.541,,UG-T,WR,,,
819,1983,624 ,1983,SEP,25,NZ-NS,73.328,54.541,,UG-T,WR,,,
820,1983,624 ,1983,SEP,25,NZ-NS,73.328,54.541,,UG-T,WE,,,
821,1983,625 ,1983,OCT,6,STS-B,49.92458,78.75069,,UG-S,WR,82,,
822,1983,625 ,1983,OCT,6,STS-B,49.92458,78.75069,,UG-S,WR,,,
823,1983,626 ,1983,OCT,26,STS-B,49.9125,78.82167,,UG-S,WR,114,,
824,1983,627 ,1983,NOV,2,STS-D,49.77917,78.12472,,UG-T,WR,,,
825,1983,628 ,1983,NOV,20,STS-B,50.05083,78.99917,,UG-S,WR,20,,
826,1983,628 ,1983,NOV,20,STS-B,50.05083,78.99917,,UG-S,WR,,,
827,1983,629 ,1983,NOV,29,STS-D,49.73028,78.09583,,UG-T,WR,,,
828,1983,630 ,1983,NOV,29,STS-D,49.75861,78.04861,,UG-T,WR,19,,
829,1983,630 ,1983,NOV,29,STS-D,49.75861,78.04861,,UG-T,WR,,,
830,1983,631 ,1983,DEC,26,STS-D,49.79,78.10917,,UG-T,FS,30,,
831,1984,632 ,1984,FEB,19,STS-B,49.89611,78.74306,,UG-S,WR,49,,
832,1984,633 ,1984,MAR,7,STS-B,50.05,78.95611,,UG-S,WR,42,,
833,1984,634 ,1984,MAR,29,STS-B,49.91111,78.92694,,UG-S,WR,83,,
834,1984,635 ,1984,APR,15,STS-D,49.76056,78.08917,,UG-T,WR,60,,
835,1984,635 ,1984,APR,15,STS-D,49.76056,78.08917,,UG-T,WR,,,
836,1984,636 ,1984,APR,25,STS-B,49.93583,78.85056,,UG-S,WR,76,,
837,1984,636 ,1984,APR,25,STS-B,49.93583,78.85056,,UG-S,WR,,,
838,1984,637 ,1984,MAY,26,STS-B,49.97889,79.00556,,UG-S,WR,130,,
839,1984,637 ,1984,MAY,26,STS-B,49.97889,79.00556,,UG-S,WR,,,
840,1984, ,1984,JUN,7,STS-D,49.79,78.109,,UG-T,,0,,
841,1984,638 ,1984,JUL,14,STS-B,49.90944,78.87722,,UG-S,WR,135,,
842,1984,638 ,1984,JUL,14,STS-B,49.90944,78.87722,,UG-S,WR,,,
843,1984,639 Lira,1984,JUL,21,-KZ-KA,51.358,53.319,-850,UG-S,I-CV,15,,
844,1984,640 Lira,1984,JUL,21,-KZ-KA,51.371,53.337,-960,UG-S,I-CV,15,,
845,1984,641 Lira,1984,JUL,21,-KZ-KA,51.391,53.351,-840,UG-S,I-CV,15,,
846,1984,642 Kvarts-2,1984,AUG,11,-RU,65.05,55.1,-760,UG-S,I-SS,**    85,,
847,1984,643 Kvarts-3,1984,AUG,25,-RU-T,61.9,72.1,-725,UG-S,I-SS,8.5,,
848,1984,644 Dynamika,1984,AUG,26,NZ-NS,73.4,54.8,,UG-T,WE,0.6,,
849,1984,645 Dnepr-2,1984,AUG,27,-RU-M,67.75,33,-180,UG-T,I,1.7,,
850,1984,645 Dnepr-2,1984,AUG,27,-RU-M,67.75,33,-160,UG-T,I,1.7,,
851,1984,646 Geliy,1984,AUG,28,-RU-P,60.3,57.1,-2065,UG-S,I-OS,3.2,,
852,1984,647 Geliy,1984,AUG,28,-RU-P,60.7,57.5,-2075,UG-S,I-OS,3.2,,
853,1984,648 ,1984,SEP,9,STS-D,49.80444,78.0875,,UG-T,WE,6,,
854,1984,648 ,1984,SEP,9,STS-D,49.80444,78.0875,,UG-T,WE,,,
855,1984,648 ,1984,SEP,9,STS-D,49.80444,78.0875,,UG-T,WE,,,
856,1984,648 ,1984,SEP,9,STS-D,49.80444,78.0875,,UG-T,WE,,,
857,1984,649 Kvarts-4,1984,SEP,17,-RU,55.834,87.526,-560,UG-S,I-SS,10,,
858,1984,650 ,1984,OCT,18,STS-D,49.72944,78.08639,-106,UG-T,WE,1.4,,
859,1984,651 ,1984,OCT,25,NZ-NS,73.355,54.99,-500,UG-T,WR,110,V 1.1 MCi,
860,1984,651 ,1984,OCT,25,NZ-NS,73.355,54.99,,UG-T,WR,,,
861,1984,651 ,1984,OCT,25,NZ-NS,73.355,54.99,,UG-T,WR,,,
862,1984,651 ,1984,OCT,25,NZ-NS,73.355,54.99,,UG-T,WR,,,
863,1984, ,1984,OCT,25,STS-D,49.79,78.109,,UG-T,,0,,
864,1984,654 ,1984,OCT,27,STS-B,49.93472,78.92806,,UG-S,WR,150,,
865,1984,652 Vega,1984,OCT,27,-RU-AS,46.9,48.15,-850,UG-S,I-CV,3.2,,
866,1984,653 Vega,1984,OCT,27,-RU-AS,46.95,48.1,-950,UG-S,I-CV,3.2,,
867,1984,655 ,1984,NOV,23,STS-D,49.8125,78.05944,,UG-T,WR,1.4,,
868,1984,655 ,1984,NOV,23,STS-D,49.8125,78.05944,,UG-T,WR,,,
869,1984,655 ,1984,NOV,23,STS-D,49.8125,78.05944,,UG-T,WR,,,
870,1984,656 ,1984,DEC,2,STS-B,50.00611,79.00889,,UG-S,WR,79,,
871,1984,656 ,1984,DEC,2,STS-B,50.00611,79.00889,,UG-S,FS,,,
872,1984,657 ,1984,DEC,16,STS-B,49.94583,78.80861,,UG-S,WR,137,,
873,1984,657 ,1984,DEC,16,STS-B,49.94583,78.80861,,UG-S,WR,,,
874,1984,658 ,1984,DEC,28,STS-B,49.88028,78.70389,,UG-S,WR,105,,
875,1984,658 ,1984,DEC,28,STS-B,49.88028,78.70389,,UG-S,PR,,,
876,1985,659 ,1985,FEB,10,STS-B,49.89917,78.78056,,UG-S,WR,62,,
877,1985,659 ,1985,FEB,10,STS-B,49.89917,78.78056,,UG-S,WR,,,
878,1985,659 ,1985,FEB,10,STS-B,49.89917,78.78056,,UG-S,WR,,,
879,1985,660 ,1985,APR,25,STS-B,49.92667,78.88083,,UG-S,WR,74,,
880,1985,660 ,1985,APR,25,STS-B,49.92667,78.88083,,UG-S,WR,,,
881,1985,661 ,1985,JUN,15,STS-B,49.90861,78.84278,,UG-S,WR,114,,
882,1985,661 ,1985,JUN,15,STS-B,49.90861,78.84278,,UG-S,WR,,,
883,1985,661 ,1985,JUN,15,STS-B,49.92028,78.81944,,UG-S,WR,,,
884,1985,662 Benzol,1985,JUN,18,-RU-T,60.6,72.7,-2860,UG-S,I-OS,2.5,,
885,1985,663 ,1985,JUN,30,STS-B,49.86444,78.66861,,UG-S,WR,86,,
886,1985,663 ,1985,JUN,30,STS-B,49.86444,78.66861,,UG-S,WR,,,
887,1985,664 ,1985,JUL,11,STS-D,49.75056,78.04917,,UG-T,WR,0.5,,
888,1985,666 Agat,1985,JUL,18,-RU,65.994,41.038,-770,UG-S,I-SS,8.5,,
889,1985,665 ,1985,JUL,19,STS-D,49.80111,78.06861,,UG-T,WR,,,
890,1985,667 ,1985,JUL,20,STS-B,49.94972,78.78389,,UG-S,WR,74,,
891,1985,668 ,1985,JUL,25,STS-D,49.8186,78.0164,,UG-T,WR,5,,
892,1985,668 ,1985,JUL,25,STS-D,49.8186,78.0164,,UG-T,WR,,,
893,1985,668 ,1985,JUL,25,STS-D,49.8186,78.0164,,UG-T,SE,,,
894,1985,668 ,1985,JUL,25,STS-D,49.8186,78.0164,,UG-T,SE,,,
895,1987,669 ,1987,FEB,26,STS-D,49.83417,78.08111,,UG-T,FS,24,,
896,1987,670 ,1987,MAR,12,STS-B,49.93528,78.82889,,UG-S,WR,11,,
897,1987,670 ,1987,MAR,12,STS-B,49.93528,78.82889,,UG-S,WR,,,
898,1987,671 ,1987,APR,3,STS-B,49.91806,78.78028,,UG-S,WR,140,,
899,1987,672 ,1987,APR,3,STS-D,49.75389,78.11444,,UG-T,WR,1,,
900,1987,672 ,1987,APR,3,STS-D,49.75389,78.11444,,UG-T,WR,,,
901,1987,672 ,1987,APR,3,STS-D,49.75389,78.11444,,UG-T,WR,,,
902,1987,673 ,1987,APR,17,STS-B,49.87778,78.66889,,UG-S,WR,86,,
903,1987,673 ,1987,APR,17,STS-B,49.87778,78.66889,,UG-S,WR,,,
904,1987,673 ,1987,APR,17,STS-B,49.87778,78.66889,,UG-S,WR,,,
905,1987, ,1987,APR,17,STS-D,49.751,78.049,,UG-T,,0,,
906,1987,674 Geliy,1987,APR,19,-RU-P,60.6,57.2,-2015,UG-S,I-OS,3.2,,
907,1987,675 Geliy,1987,APR,19,-RU-P,60.8,57.5,-2055,UG-S,I-OS,3.2,,
908,1987,676 ,1987,MAY,6,STS-D,49.77583,78.01222,,UG-T,FS,40,,
909,1987,677 ,1987,JUN,6,STS-D,49.83667,78.06167,,UG-T,FS,24,,
910,1987,678 ,1987,JUN,20,STS-B,49.93528,78.74417,,UG-S,WR,107,,
911,1987,678 ,1987,JUN,20,STS-B,49.93528,78.74417,,UG-S,WR,,,
912,1987,679 Neva 2-1,1987,JUL,7,-RU-YK,61.5,112.85,-1515,UG-S,I-OS,15,,
913,1987,680 ,1987,JUL,17,STS-D,49.77583,78.01972,-267,UG-T,FS,78,,
914,1987,681 Neva 2-2,1987,JUL,24,-RU-YK,61.45,112.8,-1520,UG-S,I-OS,15,,
915,1987,683 ,1987,AUG,2,STS-B,49.88056,78.87472,,UG-S,WR,72,,
916,1987,683 ,1987,AUG,2,STS-B,49.88056,78.87472,,UG-S,WR,,,
917,1987,683 ,1987,AUG,2,STS-B,49.88056,78.87472,,UG-S,WR,,,
918,1987,682 ,1987,AUG,2,NZ-NS,73.326,54.602,-390,UG-T,WR,*     150,V 1 kCi,
919,1987,682 ,1987,AUG,2,NZ-NS,73.326,54.602,,UG-T,WR,,V,
920,1987,682 ,1987,AUG,2,NZ-NS,73.326,54.602,,UG-T,WR,,V,
921,1987,682 ,1987,AUG,2,NZ-NS,73.326,54.602,,UG-T,FS,,V,
922,1987,682 ,1987,AUG,2,NZ-NS,73.326,54.602,,UG-T,SE,,V,
923,1987,684 Neva 2-3,1987,AUG,12,-RU-YK,61.45,112.8,-834,UG-S,I-OS,3.2,,
924,1987,685 ,1987,SEP,18,STS-D,49.80444,78.0875,,UG-T,WE,1.1,,
925,1987,685 ,1987,SEP,18,STS-D,49.80444,78.0875,,UG-T,SE,,,
926,1987,686 Batolit-2,1987,OCT,3,-KZ,47.6,56.2,-1000,UG-S,I-SS,8.5,,
927,1987,687 ,1987,OCT,16,STS-D,49.72972,78.08667,-82,UG-T,WE,1.1,,
928,1987,688 ,1987,NOV,15,STS-B,49.89861,78.75806,,UG-S,WR,103,,
929,1987,688 ,1987,NOV,15,STS-B,49.89861,78.75806,,UG-S,WR,,,
930,1987,689 ,1987,DEC,13,STS-B,49.96306,78.79306,,UG-S,WR,137,,
931,1987,689 ,1987,DEC,13,STS-B,49.96306,78.79306,,UG-S,WR,,,
932,1987,690 ,1987,DEC,20,STS-D,49.77583,78.01222,,UG-T,FS,5,,
933,1987,691 ,1987,DEC,27,STS-B,49.87944,78.725,,UG-S,WR,117,,
934,1987,691 ,1987,DEC,27,STS-B,49.87944,78.725,,UG-S,WR,,,
935,1988,692 ,1988,FEB,6,STS-D,49.77583,78.01972,,UG-T,WR,5,,
936,1988,692 ,1988,FEB,6,STS-D,49.77583,78.01972,,UG-T,SE,0.001,,
937,1988,692 ,1988,FEB,6,STS-D,49.77583,78.01972,,UG-T,SE,0.001,,
938,1988,693 ,1988,FEB,13,STS-B,49.93667,78.86389,,UG-S,WR,125,,
939,1988,693 ,1988,FEB,13,STS-B,49.93667,78.86389,,UG-S,WR,,,
940,1988,694 ,1988,APR,3,STS-B,49.90833,78.90833,,UG-S,WR,135,,
941,1988,695 ,1988,APR,22,STS-D,49.79028,78.10694,-124,UG-T,WE,2.3,,
942,1988,696 ,1988,MAY,4,STS-B,49.94944,78.75028,,UG-S,FS,132,,
943,1988,697 ,1988,MAY,7,NZ-NS,73.314,54.553,-300,UG-T,WE,*      80,V 1.1 kCi,
944,1988,697 ,1988,MAY,7,NZ-NS,73.314,54.553,,UG-T,WE,,,
945,1988,697 ,1988,MAY,7,NZ-NS,73.314,54.553,,UG-T,WE,,,
946,1988,698 ,1988,JUN,14,STS-B,50.01889,78.96056,,UG-S,WR,4,,
947,1988,699 Rubin-2,1988,AUG,22,-RU-A,66.28,78.491,-830,UG-S,I-SS,15,,
948,1988,700 Rubin-1,1988,SEP,6,-RU-A,61.361,48.092,-800,UG-S,I-SS,8.5,,
949,1988,701 Shagan,1988,SEP,14,STS-B,49.87778,78.82306,,UG-S,JV,150,,
950,1988,702 ,1988,OCT,18,STS-D,49.78,78.01722,,UG-T,WE,6,,
951,1988,703 ,1988,NOV,12,STS-B,50.04306,78.96889,,UG-S,WR,15,,
952,1988,704 ,1988,NOV,23,STS-D,49.77944,78.03722,-204,UG-T,WR,19,,
953,1988,704 ,1988,NOV,23,STS-D,49.77944,78.03722,,UG-T,FS,,,
954,1988,704 ,1988,NOV,23,STS-D,49.77944,78.03722,,UG-T,SE,0.001,,
955,1988,705 ,1988,DEC,4,NZ-NS,73.366,55.001,-400,UG-T,WR,*     140,,
956,1988,705 ,1988,DEC,4,NZ-NS,73.366,55.001,,UG-T,WR,,,
957,1988,705 ,1988,DEC,4,NZ-NS,73.366,55.001,,UG-T,WR,,,
958,1988,705 ,1988,DEC,4,NZ-NS,73.366,55.001,,UG-T,WE,,,
959,1988,705 ,1988,DEC,4,NZ-NS,73.366,55.001,,UG-T,SE,0.001,,
960,1988,706 ,1988,DEC,17,STS-B,49.88194,78.92472,,UG-S,WR,68,,
961,1988,706 ,1988,DEC,17,STS-B,49.88194,78.92472,,UG-S,WR,,,
962,1988,707 ,1988,DEC,28,STS-D,49.80111,78.06861,,UG-T,WR,0.2,,
963,1988,707 ,1988,DEC,28,STS-D,49.80111,78.06861,,UG-T,WR,,,
964,1989,708 ,1989,JAN,22,STS-B,49.93944,78.81944,,UG-S,WR,118,,
965,1989,708 ,1989,JAN,22,STS-B,49.93944,78.81944,,UG-S,WR,,,
966,1989,709 ,1989,FEB,12,STS-B,49.91861,78.71111,,UG-S,WR,63,,
967,1989,710 ,1989,FEB,17,STS-D,49.82778,78.05972,,UG-T,WR,10,,
968,1989,711 ,1989,JUL,8,STS-B,49.86778,78.78028,,UG-S,WR,22,,
969,1989,712 ,1989,SEP,2,STS-B,50.00583,78.98556,,UG-S,WR,6,,
970,1989,712 ,1989,SEP,2,STS-B,50.00583,78.98556,,UG-S,WR,,,
971,1989,713 ,1989,OCT,4,STS-D,49.7498,78.0117,-94,UG-T,WE,4,,
972,1989,714 ,1989,OCT,19,STS-B,49.92222,78.90833,-628,UG-S,WR,85,,
973,1989,714 ,1989,OCT,19,STS-B,49.92222,78.90833,-592,UG-S,WR,,,
974,1989,714 ,1989,OCT,19,STS-B,49.92222,78.90833,-556,UG-S,WR,,,
975,1990,715 ,1990,OCT,24,NZ-NS,73.331,54.757,-600,UG-T,WR,70,,
976,1990,715 ,1990,OCT,24,NZ-NS,73.331,54.757,-600,UG-T,WR,,,
977,1990,715 ,1990,OCT,24,NZ-NS,73.331,54.757,-600,UG-T,WR,,,
978,1990,715 ,1990,OCT,24,NZ-NS,73.331,54.757,-600,UG-T,WR,,,
979,1990,715 ,1990,OCT,24,NZ-NS,73.331,54.757,-600,UG-T,WR,,,
980,1990,715 ,1990,OCT,24,NZ-NS,73.331,54.757,-600,UG-T,WR,0.001,,
981,1990,715 ,1990,OCT,24,NZ-NS,73.331,54.757,-600,UG-T,WR,0.001,,
982,1990,715 ,1990,OCT,24,NZ-NS,73.331,54.757,-600,UG-T,WR,0.001,,